"rin_community","cisco_id","locality","region_a","zip_code","Age group","Ethnicity","Gender identity","Employment status","Highest education level","Which certificate(s) are you most interested in?","Why do you want to complete this certificate training? Select all that apply.","Which part of the training do you think will be the most valuable? Select all that apply.","How will the skills you learn benefit you? Select all that apply.","Are you able to commit 10-15 hours per week for this training?","Do you feel you will be able to complete your certification program by Sept. 30, 2024?","This training is online. Please rate your personal computer skills.","Do you have access to a laptop, tablet or personal computer?","If no, will you need assistance finding computer access locations?","After completion of the course, which wrap-around supports will you need?","lon","lat"
"Chambers County","69ca1c22762cb1d3838b4d73e1b1ea22","Valley","AL","36854","45-54","Black or African American","Male","Employed","Undergraduate","Introduction to Cybersecurity (https://www.netacad.com/courses/cybersecurity), CCNA 7: Introduction to Networks (https://www.netacad.com/courses/networking)","Increase my skills, Get a new or better job, Start my own business","Hands on- I can work at my own schedule","Personal Growth, Add to my resume, Get a new or better job, Help start my own business","Yes","Yes","Average (can do email, shop online, search for information, use Word)","Yes","No","Referrals to job opportunities, Resume assistance, Job seeking skills training, Information about other training programs",NA,NA
"The Berkshires","ee6073b79a1157c31fb684ea5d195189","Pittsfield","MA","01201","25-34","White","Female","Unemployed","High School/GED","Introduction to Cybersecurity (https://www.netacad.com/courses/cybersecurity), CCNA 7: Introduction to Networks (https://www.netacad.com/courses/networking)","Increase my skills, Get a new or better job","All of it","Personal Growth, Add to my resume, Get a new or better job","Yes","Yes","Above Average (use Microsoft Office, including Excel & Powerpoint)","Yes","No","No, I don't need additional services",-73.226967484431,42.441490647468
"The Berkshires","f2ec23cd9608c5211b373de361de6268","Pittsfield","MA","01201","45-54","Black or African American","Female","Employed","Undergraduate","Introduction to Cybersecurity (https://www.netacad.com/courses/cybersecurity)","Increase my skills","Hands on- I can work at my own schedule","Add to my resume","Not at this time","Yes","Advanced (use Microsoft Office, including Excel & Powerpoint and set up new equipment, etc)","Yes","No","Information about other training programs",-73.267787815682,42.444469346721
"The Berkshires","5f90bddd040d945a502f5983fde34385","Dalton","MA","01226","35-44","White","Male","Employed","Undergraduate","CCNA 7: Introduction to Networks (https://www.netacad.com/courses/networking)","Increase my skills","Hands on- I can work at my own schedule","Personal Growth","Yes","Yes","Above Average (use Microsoft Office, including Excel & Powerpoint)","Yes","No","No, I don't need additional services",-73.181836324696,42.470883906085
"Springfield","6e255e252c95bd5745613b5d84c7e942","","VT","05156","45-54","White","Female","Retired","Undergraduate","CCNA 7: Introduction to Networks (https://www.netacad.com/courses/networking)","Increase my skills","All of it, Hands on- I can work at my own schedule","Personal Growth, Add to my resume","Yes","Yes","Average (can do email, shop online, search for information, use Word)","Yes","No","Resume assistance, Information about other training programs",-72.488694701678,43.297723698891
"Springfield","07aa543785f706905d24510471d17827","Springfield","VT","05156","35-44","White","Male","Unemployed","Undergraduate","Introduction to Cybersecurity (https://www.netacad.com/courses/cybersecurity), CCNA 7: Introduction to Networks (https://www.netacad.com/courses/networking)","Increase my skills, Get a new or better job, Start my own business","All of it","Add to my resume, Get a new or better job, Help start my own business","Yes","Yes","Advanced (use Microsoft Office, including Excel & Powerpoint and set up new equipment, etc)","Yes","No","Referrals to job opportunities, Information about other training programs",-72.473966584662,43.289512838575
"The Berkshires","f7fe3f851087b1a4370c43b55047e24e","Pittsfield","MA","01201","35-44","White","Female","Employed","Undergraduate","Introduction to Cybersecurity (https://www.netacad.com/courses/cybersecurity)","Increase my skills","All of it","Personal Growth, Add to my resume","Yes","Yes","Above Average (use Microsoft Office, including Excel & Powerpoint)","Yes","No","Information about other training programs",-73.292210115605,42.446777543403
"The Berkshires","7b03f80a6b7e3d2f0b46f1e293094218","Pittsfield","MA","01201","35-44","Prefer not to say","Non-Binary","Employed","Undergraduate","Introduction to Cybersecurity (https://www.netacad.com/courses/cybersecurity), CCNA 7: Introduction to Networks (https://www.netacad.com/courses/networking)","Increase my skills, Get a new or better job, Start my own business, Case Manager recommended, I don't know","All of it, Hands on- I can work at my own schedule","Personal Growth, Add to my resume, Get a new or better job, Help start my own business","Yes","Yes","Advanced (use Microsoft Office, including Excel & Powerpoint and set up new equipment, etc)","Yes","No","Resume assistance, Practice interviewing, Information about other training programs",-73.203491159373,42.433708100858
"Portsmouth","cbb1171ab92ff0a53223d6e8448b1399","Portsmouth","OH","45662","35-44","White","Male","Employed","Graduate","Introduction to Cybersecurity (https://www.netacad.com/courses/cybersecurity)","Increase my skills, I don't know","All of it","Personal Growth, Add to my resume","Yes","Yes","Advanced (use Microsoft Office, including Excel & Powerpoint and set up new equipment, etc)","Yes","No","No, I don't need additional services",-82.989730510643,38.751635751209
"Eastern Kentucky","00784ba8adc00b0c66febaa4dc9f5766","","KY","41175","55+","White","Male","Employed","Graduate","CCNA 7: Introduction to Networks (https://www.netacad.com/courses/networking)","Increase my skills","All of it","Personal Growth","Yes","Yes","Above Average (use Microsoft Office, including Excel & Powerpoint)","Yes",NA,"Information about other training programs",-82.916238538774,38.667296918831
"Chambers County","69a08d22308f4777b4f02364ed09f3c6","Valley","AL","36854","35-44","White","Female","Employed","High School/GED","Introduction to Cybersecurity (https://www.netacad.com/courses/cybersecurity)","Increase my skills, Get a new or better job","All of it","Personal Growth, Add to my resume, Get a new or better job","Yes","Yes","Above Average (use Microsoft Office, including Excel & Powerpoint)","Yes","No","Referrals to job opportunities, Resume assistance, Job seeking skills training, Practice interviewing, Information about other training programs",-85.185529417292,32.818397191589
"Chambers County","201568121233f728b2c0b18f397ad845","Valley","AL","36854","25-34","Black or African American","Male","Unemployed","High School/GED","Introduction to Cybersecurity (https://www.netacad.com/courses/cybersecurity), CCNA 7: Introduction to Networks (https://www.netacad.com/courses/networking)","Increase my skills, Get a new or better job","All of it","Personal Growth, Add to my resume, Get a new or better job","Yes","Yes","Above Average (use Microsoft Office, including Excel & Powerpoint)","No","Yes","Referrals to job opportunities, Information about other training programs",-85.196347235441,32.804137030271
"Chambers County","eed5879abbeafb516015a68169b03e2d","Auburn","AL","36830","25-34","Black or African American","Male","Employed","Undergraduate","Introduction to Cybersecurity (https://www.netacad.com/courses/cybersecurity), CCNA 7: Introduction to Networks (https://www.netacad.com/courses/networking)","Increase my skills","All of it, Hands on- I can work at my own schedule","Personal Growth, Add to my resume","Yes","Yes","Advanced (use Microsoft Office, including Excel & Powerpoint and set up new equipment, etc)","Yes","No","Referrals to job opportunities, Information about other training programs",-85.515920292739,32.53619062479
"Chambers County","2fdb40f318c0ee123f16cb930d348635","Camp hill","AL","36850","25-34","Black or African American","Female","Employed","Undergraduate","Introduction to Cybersecurity (https://www.netacad.com/courses/cybersecurity), CCNA 7: Introduction to Networks (https://www.netacad.com/courses/networking)","Increase my skills, Get a new or better job","All of it","Personal Growth, Add to my resume, Get a new or better job","Yes","Yes","Above Average (use Microsoft Office, including Excel & Powerpoint)","Yes","No","Referrals to job opportunities, Job seeking skills training, Information about other training programs",-85.552805186877,32.848008120306
"Portsmouth","9367cb562a678494ba3e23b96939b1f5","Huntington","WV","25702","45-54","White","Male","Employed","Graduate","Introduction to Cybersecurity (https://www.netacad.com/courses/cybersecurity), CCNA 7: Introduction to Networks (https://www.netacad.com/courses/networking)","Increase my skills, Get a new or better job","All of it, Hands on- I can work at my own schedule","Add to my resume, Get a new or better job","Yes","Yes","Above Average (use Microsoft Office, including Excel & Powerpoint)","Yes","No","Referrals to job opportunities, Information about other training programs",-82.395677483531,38.424860868333
"Manitowoc County","35735575932f6c7e65df9ee6ee25d0f3","Two Rivers","WI","54241","18-24","Prefer not to say","Male","Employed","Undergraduate","Introduction to Cybersecurity (https://www.netacad.com/courses/cybersecurity), CCNA 7: Introduction to Networks (https://www.netacad.com/courses/networking)","Increase my skills","All of it","Personal Growth, Add to my resume","Not at this time","Yes","Advanced (use Microsoft Office, including Excel & Powerpoint and set up new equipment, etc)","Yes",NA,"Information about other training programs",-87.601490255752,44.131983169605
"Portsmouth","95758dc2da44ebb93edee086f1461d8b","Portsmouth","OH","45662","18-24","White","Male","Unemployed","High School/GED","Introduction to Cybersecurity (https://www.netacad.com/courses/cybersecurity)","Increase my skills, Get a new or better job","All of it","Personal Growth, Add to my resume, Get a new or better job","Yes","Yes","Above Average (use Microsoft Office, including Excel & Powerpoint)","Yes","No","Referrals to job opportunities, Job seeking skills training, Information about other training programs",-82.980173120814,38.730759423502
"Chambers County","92c3113d54908de125b528807583127d","Lafayette","AL","36862","35-44","Black or African American","Female","Employed","Graduate","Introduction to Cybersecurity (https://www.netacad.com/courses/cybersecurity)","Increase my skills, Get a new or better job","Hands on- I can work at my own schedule","Personal Growth, Add to my resume, Get a new or better job","Yes","Yes","Above Average (use Microsoft Office, including Excel & Powerpoint)","Yes","No","Referrals to job opportunities, Resume assistance, Information about other training programs",-85.3989159066,32.992285574912
"Chambers County","e10caba328bfddebbef3a472cfa461f0","Opelika","AL","36801","45-54","Black or African American","Female","Employed","Graduate","CCNA 7: Introduction to Networks (https://www.netacad.com/courses/networking)","Increase my skills, Get a new or better job","All of it","Personal Growth, Add to my resume, Get a new or better job","Yes","Yes","Advanced (use Microsoft Office, including Excel & Powerpoint and set up new equipment, etc)","Yes",NA,"Referrals to job opportunities, Information about other training programs",-85.403643800659,32.644042355996
"Rutland","ab9f81949328c5bf3f38c7118887fd51","Rutland","VT","05701","45-54","Prefer not to say","Male","Unemployed","Undergraduate","Introduction to Cybersecurity (https://www.netacad.com/courses/cybersecurity)","Get a new or better job, Start my own business","All of it","Get a new or better job, Help start my own business","Yes","Yes","Above Average (use Microsoft Office, including Excel & Powerpoint)","Yes","No","Referrals to job opportunities, Resume assistance, Job seeking skills training, Practice interviewing",-72.946855021017,43.621796237476
"Durango","ce12c496f5e1d5ef3d853e3a3636e571","Montrose","CO","81401","35-44","White","Female","Employed","Undergraduate","CCNA 7: Introduction to Networks (https://www.netacad.com/courses/networking)","Increase my skills","All of it","Personal Growth, Add to my resume","Yes","Yes","Advanced (use Microsoft Office, including Excel & Powerpoint and set up new equipment, etc)","Yes","No","Information about other training programs",-107.875294604144,38.478327641617
"Kirksville","2ed4de1ed0ceee9410b4d4b994fb8301","Kirksville","MO","63501","55+","White","Female","Employed","Graduate","Cybersecurity Essentials  (https://www.netacad.com/courses/cybersecurity)","Increase my skills","Hands on- I can work at my own schedule","Personal Growth, Add to my resume","Yes","Yes","Above Average (use Microsoft Office, including Excel & Powerpoint)","Yes",NA,"Information about other training programs",-92.583088997058,40.192546859828
"Traverse City","fc5be1e0ef7422e5127340aa0174872c","","MI","49685","35-44","White","Male","Unemployed","High School/GED","Cybersecurity Essentials  (https://www.netacad.com/courses/cybersecurity), Networking Essentials (https://www.netacad.com/courses/networking)","Increase my skills","All of it","Personal Growth, Help start my own business","Yes","Yes","Advanced (use Microsoft Office, including Excel & Powerpoint and set up new equipment, etc)","Yes","No","Information about other training programs",-85.692761144956,44.675047001478
"Traverse City","ca96323a9f94fac7f63e24420f3a65f9","","MI","49686","45-54","Black or African American","Male","Employed","Undergraduate","Cybersecurity Essentials  (https://www.netacad.com/courses/cybersecurity)","Increase my skills, Get a new or better job, Start my own business","All of it","Personal Growth, Add to my resume, Get a new or better job, Help start my own business","Yes","Yes","Advanced (use Microsoft Office, including Excel & Powerpoint and set up new equipment, etc)","Yes","No","Information about other training programs",-85.575568568556,44.75617322106
"Traverse City","7ade7bcd11e9dcf225639113e2e6d261","Cedar","MI","49621","45-54","White","Female","Employed","Postgraduate","Cybersecurity Essentials  (https://www.netacad.com/courses/cybersecurity), Networking Essentials (https://www.netacad.com/courses/networking)","Increase my skills","All of it, Hands on- I can work at my own schedule","Personal Growth, Add to my resume, Get a new or better job","Yes","Yes","Advanced (use Microsoft Office, including Excel & Powerpoint and set up new equipment, etc)","Yes","No","No, I don't need additional services",-85.66610641055,44.795819398944
"Portsmouth","4008fb9560ecdcde088f3c40549d0efa","Portsmouth","OH","45662","25-34","Black or African American","Female","Employed","High School/GED","Cybersecurity Essentials  (https://www.netacad.com/courses/cybersecurity), Networking Essentials (https://www.netacad.com/courses/networking)","Increase my skills, Get a new or better job","All of it, Hands on- I can work at my own schedule","Personal Growth, Add to my resume, Get a new or better job","Yes","Yes","Advanced (use Microsoft Office, including Excel & Powerpoint and set up new equipment, etc)","Yes","No","Referrals to job opportunities, Resume assistance, Job seeking skills training, Information about other training programs",-82.969459150876,38.74419933774
"Kirksville","06b7232349714a860941ccb0058756d1","kirksville","MO","63501","25-34","Black or African American","Male","Employed","High School/GED","Cybersecurity Essentials  (https://www.netacad.com/courses/cybersecurity), Networking Essentials (https://www.netacad.com/courses/networking)","Increase my skills, Get a new or better job","All of it","Personal Growth, Add to my resume, Get a new or better job","Yes","Yes","Average (can do email, shop online, search for information, use Word)","Yes","No","Information about other training programs",-92.583334502551,40.195616011295
"Wilson","df2816f20b8f20dcdea53776175f04f5","Malaga","SC","29010","35-44","Prefer not to say","Female","Unemployed","Postgraduate","Cybersecurity Essentials  (https://www.netacad.com/courses/cybersecurity), Networking Essentials (https://www.netacad.com/courses/networking)","Increase my skills","Hands on- I can work at my own schedule","Personal Growth, Add to my resume","Yes","Yes","Advanced (use Microsoft Office, including Excel & Powerpoint and set up new equipment, etc)","Yes","No","Information about other training programs",NA,NA
"Traverse City","e98ff858682c4b65266af4f80a20d8eb","Traverse City","MI","49685","25-34","White","Female","Employed","High School/GED","Cybersecurity Essentials  (https://www.netacad.com/courses/cybersecurity), Networking Essentials (https://www.netacad.com/courses/networking)","Increase my skills, Get a new or better job","All of it, Hands on- I can work at my own schedule","Personal Growth, Add to my resume, Get a new or better job","Yes","Yes","Above Average (use Microsoft Office, including Excel & Powerpoint)","Yes","No","Information about other training programs",-85.729587333093,44.757339606536
"Traverse City","0a53aa556b3f19d5c15b7728be1b02f8","Cadillac","MI","49601","25-34","White","Male","Employed","Undergraduate","Cybersecurity Essentials  (https://www.netacad.com/courses/cybersecurity)","Increase my skills, Get a new or better job","All of it, Hands on- I can work at my own schedule","Get a new or better job","Yes","Yes","Advanced (use Microsoft Office, including Excel & Powerpoint and set up new equipment, etc)","Yes","No","Referrals to job opportunities, Resume assistance, Job seeking skills training, Practice interviewing, Information about other training programs",-85.347797071697,44.229221833195
"Traverse City","440c30649cc8b09e36ccd5fc9558576a","Manton","MI","49663","45-54","White","Female","Employed","Undergraduate","Cybersecurity Essentials  (https://www.netacad.com/courses/cybersecurity)","Increase my skills, Get a new or better job","All of it","Personal Growth, Add to my resume, Get a new or better job, Help start my own business","Yes","Yes","Advanced (use Microsoft Office, including Excel & Powerpoint and set up new equipment, etc)","Yes","No","No, I don't need additional services",-85.39250651356,44.410794792677
"Traverse City","066391805f89996e4d50defdcd26c000","Grayling","MI","49738","35-44","White","Male","Employed","Undergraduate","Cybersecurity Essentials  (https://www.netacad.com/courses/cybersecurity)","Get a new or better job","Hands on- I can work at my own schedule","Personal Growth, Add to my resume, Get a new or better job","Yes","Yes","Above Average (use Microsoft Office, including Excel & Powerpoint)","Yes","No","Referrals to job opportunities, Resume assistance, Job seeking skills training, Practice interviewing, Information about other training programs",-84.732615909487,44.652531147225
"Traverse City","31c73d66dc399b71b557e8f8e051aefb","Harbor Springs  MI","MI","49740","45-54","American Indian or Alaska Native","Female","Employed","Undergraduate","Cybersecurity Essentials  (https://www.netacad.com/courses/cybersecurity), Networking Essentials (https://www.netacad.com/courses/networking)","Increase my skills, Start my own business","All of it, Hands on- I can work at my own schedule","Help start my own business","Yes","Yes","Advanced (use Microsoft Office, including Excel & Powerpoint and set up new equipment, etc)","Yes","No","Information about other training programs",-84.988145170474,45.476039402127
"Traverse City","01b4d62f53050ab3674bc0c4939fa280","Traverse","MI","49684","55+","White","Male","Employed","Postgraduate","Cybersecurity Essentials  (https://www.netacad.com/courses/cybersecurity)","Increase my skills, Start my own business","All of it, Hands on- I can work at my own schedule","Personal Growth, Help start my own business","Yes","Yes","Above Average (use Microsoft Office, including Excel & Powerpoint)","Yes","No","Information about other training programs, No, I don't need additional services",-85.620744075361,44.755922970265
"Traverse City","346e5ce99961df5dd5d90ec9ed4b3ce5","Suttons Bay","MI","49682","55+","White","Female","Employed","Undergraduate","Cybersecurity Essentials  (https://www.netacad.com/courses/cybersecurity)","Increase my skills","Hands on- I can work at my own schedule","Add to my resume, Get a new or better job","Yes","Yes","Advanced (use Microsoft Office, including Excel & Powerpoint and set up new equipment, etc)","Yes","No","Referrals to job opportunities",-85.607767704428,44.957541149816
"Traverse City","6f690af452be83e502200c9f79375fcf","Traverse city","MI","49686","18-24","White","Female","Employed","High School/GED","Cybersecurity Essentials  (https://www.netacad.com/courses/cybersecurity), Networking Essentials (https://www.netacad.com/courses/networking)","Increase my skills, Get a new or better job, Start my own business","Hands on- I can work at my own schedule","Personal Growth, Add to my resume, Get a new or better job, Help start my own business","Yes","Yes","Above Average (use Microsoft Office, including Excel & Powerpoint)","Yes","No","Referrals to job opportunities, Resume assistance, Information about other training programs",NA,NA
"Traverse City","024f06a60871b411b6d0362934096fea","","MI","49685","35-44","White","Female","Employed","Graduate","Cybersecurity Essentials  (https://www.netacad.com/courses/cybersecurity)","Increase my skills","I don't know","Personal Growth, Add to my resume","Yes","Yes","Above Average (use Microsoft Office, including Excel & Powerpoint)","Yes","No","Information about other training programs",-85.743100938479,44.708363006712
"Traverse City","90c9484fb4f62841ec9d92abee02f8de","Rochester Hills","MI","48309","45-54","White","Male","Employed","Postgraduate","Cybersecurity Essentials  (https://www.netacad.com/courses/cybersecurity)","Increase my skills","All of it","Personal Growth","Yes","Yes","Advanced (use Microsoft Office, including Excel & Powerpoint and set up new equipment, etc)","Yes","No","No, I don't need additional services",NA,NA
"Traverse City","c4ee40c7ff6cb4fc54e651a68fed6013","Traverse City","MI","49685","55+","White","Female","Employed","Undergraduate","Cybersecurity Essentials  (https://www.netacad.com/courses/cybersecurity)","Increase my skills, Get a new or better job","All of it","Personal Growth, Add to my resume, Get a new or better job","Yes","Yes","Above Average (use Microsoft Office, including Excel & Powerpoint)","Yes","No","Referrals to job opportunities, Resume assistance, Information about other training programs",NA,NA
"Traverse City","41c47a8dcd27d21f7d8e090a7cc4f0e1","Rapid City","MI","49676","45-54","American Indian or Alaska Native","Female","Employed","Undergraduate","Networking Essentials (https://www.netacad.com/courses/networking)","Increase my skills, Get a new or better job, Case Manager recommended","Hands on- I can work at my own schedule","Personal Growth, Add to my resume, Get a new or better job, Help start my own business","Yes","Yes","Above Average (use Microsoft Office, including Excel & Powerpoint)","Yes","No","No, I don't need additional services",-85.345244152121,44.869443818376
"Traverse City","9a62b296c42f860851cdf85252827298","Traverse City","MI","49686","18-24","White","Male","Employed","Undergraduate","Cybersecurity Essentials  (https://www.netacad.com/courses/cybersecurity), Networking Essentials (https://www.netacad.com/courses/networking)","Increase my skills, Get a new or better job, Start my own business","All of it","Personal Growth, Add to my resume, Get a new or better job, Help start my own business","Yes","Yes","Advanced (use Microsoft Office, including Excel & Powerpoint and set up new equipment, etc)","Yes","No","Referrals to job opportunities, Resume assistance, Job seeking skills training",-85.494389559534,44.717629038553
"Traverse City","51ea95243654218de5789741bb74f8e8","Vanderbilt","MI","49795","25-34","White","Male","Employed","High School/GED","Networking Essentials (https://www.netacad.com/courses/networking)","Get a new or better job","Hands on- I can work at my own schedule, I don't know","Personal Growth, Add to my resume, Get a new or better job","Yes","Yes","Above Average (use Microsoft Office, including Excel & Powerpoint)","Yes","No","Referrals to job opportunities, Job seeking skills training, Information about other training programs",-84.66316110149,45.123552334359
"Wilson","8fb5805832dc27e4b0df8cd632d8bed8","Wilson","NC","27896","18-24","Prefer not to say","Female","Employed","Undergraduate","Cybersecurity Essentials  (https://www.netacad.com/courses/cybersecurity)","Increase my skills, Get a new or better job","All of it","Personal Growth, Add to my resume, Get a new or better job","Yes","Yes","Above Average (use Microsoft Office, including Excel & Powerpoint)","Yes","No","Referrals to job opportunities, Job seeking skills training, Practice interviewing",-77.948573491911,35.760935662421
"Wilson","2ac658d25d2e6f940b71b2500dabc6ab","Wilson","NC","27893","25-34","Prefer not to say","Male","Employed","High School/GED","Cybersecurity Essentials  (https://www.netacad.com/courses/cybersecurity), Networking Essentials (https://www.netacad.com/courses/networking)","Increase my skills, Get a new or better job, Start my own business","All of it, Hands on- I can work at my own schedule","Personal Growth, Get a new or better job, Help start my own business","Yes","Yes","Advanced (use Microsoft Office, including Excel & Powerpoint and set up new equipment, etc)","Yes","No","Referrals to job opportunities, Resume assistance, Job seeking skills training, Practice interviewing, Information about other training programs",-77.910618552101,35.711035615007
"Wilson","321eba41674fb2ff2222eb051076ab3e","Wilson","NC","27893","45-54","White","Female","Employed","Graduate","Cybersecurity Essentials  (https://www.netacad.com/courses/cybersecurity)","Get a new or better job","Hands on- I can work at my own schedule","Personal Growth, Add to my resume, Get a new or better job","Yes","Yes","Above Average (use Microsoft Office, including Excel & Powerpoint)","Yes","No","Referrals to job opportunities",-77.794874542081,35.642368885312
"Wilson","ff6408920bf97930b308fd88da0705b0","Wilson","NC","27851","45-54","Black or African American","Female","Employed","Graduate","Cybersecurity Essentials  (https://www.netacad.com/courses/cybersecurity), Networking Essentials (https://www.netacad.com/courses/networking)","Increase my skills","All of it","Personal Growth, Add to my resume","Yes","Yes","Advanced (use Microsoft Office, including Excel & Powerpoint and set up new equipment, etc)","Yes","No","Information about other training programs",-77.945787026826,35.716828422175
"Wilson","3c19baac7ac60e7a29d29d2a1cdffb23","Wilson","NC","27893","35-44","Black or African American","Female","Employed","High School/GED","Cybersecurity Essentials  (https://www.netacad.com/courses/cybersecurity), Networking Essentials (https://www.netacad.com/courses/networking)","Increase my skills, Get a new or better job","All of it","Personal Growth, Add to my resume, Get a new or better job","Yes","Yes","Advanced (use Microsoft Office, including Excel & Powerpoint and set up new equipment, etc)","Yes","No","Referrals to job opportunities",-77.896380046006,35.721750691293
"Wilson","12e6b6dff2119f271b81747bc9b365a3","Wilson","NC","27895","35-44","Black or African American","Female","Employed","Postgraduate","Cybersecurity Essentials  (https://www.netacad.com/courses/cybersecurity), Networking Essentials (https://www.netacad.com/courses/networking)","Increase my skills, Get a new or better job, Start my own business","All of it, Hands on- I can work at my own schedule","Personal Growth, Add to my resume, Get a new or better job, Help start my own business","Yes","Yes","Advanced (use Microsoft Office, including Excel & Powerpoint and set up new equipment, etc)","Yes","No","Information about other training programs",-77.9186933315086,35.7051504567208
"Wilson","46413ba5407fe2d16696503352f9e99f","Kenly","NC","27542","25-34","White","Male","Employed","Graduate","Cybersecurity Essentials  (https://www.netacad.com/courses/cybersecurity)","Increase my skills","All of it, Hands on- I can work at my own schedule","Personal Growth, Add to my resume","Yes","Yes","Advanced (use Microsoft Office, including Excel & Powerpoint and set up new equipment, etc)","Yes","No","Information about other training programs",-78.085159945341,35.681292663978
"Wilson","e087bb5b0df495e562bd88260cdd93fc","Elm City","NC","27822","35-44","White","Female","Employed","Graduate","Networking Essentials (https://www.netacad.com/courses/networking)","Increase my skills","Hands on- I can work at my own schedule","Personal Growth, Add to my resume","Yes","Yes","Advanced (use Microsoft Office, including Excel & Powerpoint and set up new equipment, etc)","Yes","No","Information about other training programs",-77.960318759107,35.871239996888
"Wilson","32e252977ce767cb1905efdc034edfec","Rocky Mount","NC","27801","18-24","Black or African American","Male","Employed","High School/GED","Cybersecurity Essentials  (https://www.netacad.com/courses/cybersecurity), Networking Essentials (https://www.netacad.com/courses/networking)","Increase my skills, Get a new or better job, Start my own business","All of it","Personal Growth, Add to my resume, Get a new or better job","Yes","Yes","Advanced (use Microsoft Office, including Excel & Powerpoint and set up new equipment, etc)","Yes","No","Referrals to job opportunities, Resume assistance, Information about other training programs",-77.79452580809,35.993141666796
"Traverse City","d9a082d283fa020f02c90d2c4e9bb804","Elk Rapids","MI","49629","55+","White","Female","Employed","Postgraduate","Networking Essentials (https://www.netacad.com/courses/networking)","Increase my skills, Get a new or better job, Start my own business","All of it, Hands on- I can work at my own schedule","Personal Growth, Add to my resume, Get a new or better job, Help start my own business","Yes","Yes","Above Average (use Microsoft Office, including Excel & Powerpoint)","Yes","No","Referrals to job opportunities, Resume assistance",NA,NA
"Wilson","81698848d2bc296458d5ecda47eeaf15","Wilson","NC","27893","25-34","Black or African American","Male","Student","Undergraduate","Cybersecurity Essentials  (https://www.netacad.com/courses/cybersecurity), Networking Essentials (https://www.netacad.com/courses/networking)","Increase my skills, Get a new or better job, Start my own business","All of it","Personal Growth, Add to my resume, Get a new or better job, Help start my own business","Yes","Yes","Advanced (use Microsoft Office, including Excel & Powerpoint and set up new equipment, etc)","Yes","No","Referrals to job opportunities, Resume assistance",-77.945337555138,35.708145504539
"Wilson","8e9615bef1a860f87d0ea639cd62bce7","Lucama","NC","27851","25-34","Black or African American","Male","Employed","Undergraduate","Cybersecurity Essentials  (https://www.netacad.com/courses/cybersecurity), Networking Essentials (https://www.netacad.com/courses/networking)","Increase my skills, Get a new or better job","All of it, Hands on- I can work at my own schedule","Personal Growth, Add to my resume, Get a new or better job","Yes","Yes","Advanced (use Microsoft Office, including Excel & Powerpoint and set up new equipment, etc)","Yes","No","Referrals to job opportunities, Practice interviewing",-78.005519419927,35.63056760023
"Wilson","f1e5087b24cf38bda415615908dc20e5","Wilson","NC","27893","25-34","White","Female","Employed","Undergraduate","Cybersecurity Essentials  (https://www.netacad.com/courses/cybersecurity), Networking Essentials (https://www.netacad.com/courses/networking)","Increase my skills, Get a new or better job","All of it","Personal Growth, Add to my resume, Get a new or better job","Yes","Yes","Advanced (use Microsoft Office, including Excel & Powerpoint and set up new equipment, etc)","Yes","No","Information about other training programs",-77.91039770706,35.743058636972
"Wilson","d0241affcc190e94771ecd9b9684fd6c","Wilson","NC","27893","25-34","Prefer not to say","Female","Employed","High School/GED","Networking Essentials (https://www.netacad.com/courses/networking)","Increase my skills","All of it","Personal Growth, Add to my resume","Yes","Yes","Above Average (use Microsoft Office, including Excel & Powerpoint)","Yes","No","Resume assistance, Information about other training programs",-78.03389508094,35.724327362058
"Wilson","340d31ce11f6c50f61f5c4f683a466d0","Wilson","NC","27893","25-34","Black or African American","Female","Unemployed","High School/GED","Networking Essentials (https://www.netacad.com/courses/networking)","Get a new or better job","Hands on- I can work at my own schedule","Personal Growth, Add to my resume, Get a new or better job","Yes","Yes","Above Average (use Microsoft Office, including Excel & Powerpoint)","No","Yes","Referrals to job opportunities, Resume assistance, Job seeking skills training, Information about other training programs",-77.905095779136,35.724114172184
"Wilson","c1122d22a9c808e487cb4731bff8ad79","Wilson","NC","27893","45-54","White","Male","Employed","Undergraduate","Networking Essentials (https://www.netacad.com/courses/networking)","Increase my skills","All of it","Personal Growth","Yes","Yes","Above Average (use Microsoft Office, including Excel & Powerpoint)","Yes","No","No, I don't need additional services",-77.91039770706,35.743058636972
"Wilson","7a50a7b355bd1496ed3306efddc5cfad","Wilson","NC","27893","25-34","Black or African American","Male","Employed","Undergraduate","Cybersecurity Essentials  (https://www.netacad.com/courses/cybersecurity), Networking Essentials (https://www.netacad.com/courses/networking)","Increase my skills, Get a new or better job","All of it","Personal Growth, Add to my resume, Get a new or better job","Yes","Yes","Advanced (use Microsoft Office, including Excel & Powerpoint and set up new equipment, etc)","Yes","No","Referrals to job opportunities, Resume assistance, Job seeking skills training, Practice interviewing, Information about other training programs",-77.942153468684,35.724482657033
"Wilson","fecf42df6529e58116c705f6206167a0","Kenly","NC","27542","25-34","White","Male","Employed","High School/GED","Networking Essentials (https://www.netacad.com/courses/networking)","Increase my skills, Get a new or better job","All of it","Personal Growth, Add to my resume, Get a new or better job","Yes","Yes","Advanced (use Microsoft Office, including Excel & Powerpoint and set up new equipment, etc)","Yes","No","Information about other training programs",-78.085159945341,35.681292663978
"Wilson","5ffb97998616f75873a179452b5a45f7","Kingsley","MI","49649","35-44","White","Male","Employed","Undergraduate","Cybersecurity Essentials  (https://www.netacad.com/courses/cybersecurity), Networking Essentials (https://www.netacad.com/courses/networking)","Increase my skills, Get a new or better job, Start my own business","All of it","Personal Growth, Add to my resume, Get a new or better job, Help start my own business","Yes","Yes","Advanced (use Microsoft Office, including Excel & Powerpoint and set up new equipment, etc)","Yes","No","Referrals to job opportunities, Information about other training programs",-85.542396074108,44.577872117574
"Wilson","299515d32d620d3657f660581c7ea79d","Wilson","NC","27896","35-44","Black or African American","Male","Employed","High School/GED","Cybersecurity Essentials  (https://www.netacad.com/courses/cybersecurity)","Increase my skills, Get a new or better job","All of it","Add to my resume, Get a new or better job","Yes","Yes","Above Average (use Microsoft Office, including Excel & Powerpoint)","Yes","Yes","Referrals to job opportunities, Resume assistance, Job seeking skills training, Practice interviewing",-77.941900306572,35.760653928248
"Wilson","ca944f0755f3fd6ea2db8035bd044725","Wilson","NC","27893","25-34","Prefer not to say","Prefer not to say","Unemployed","Undergraduate","Cybersecurity Essentials  (https://www.netacad.com/courses/cybersecurity), Networking Essentials (https://www.netacad.com/courses/networking)","Increase my skills, Get a new or better job","All of it, Hands on- I can work at my own schedule","Personal Growth, Add to my resume, Get a new or better job","Yes","Yes","Above Average (use Microsoft Office, including Excel & Powerpoint)","Yes","No","Referrals to job opportunities, Resume assistance, Job seeking skills training, Practice interviewing, Information about other training programs",-77.908696177051,35.716303055367
"Wilson","ea4c728271404e189a05b5c413c712b2","Wilson","NC","27896","25-34","White","Female","Employed","Undergraduate","Cybersecurity Essentials  (https://www.netacad.com/courses/cybersecurity), Networking Essentials (https://www.netacad.com/courses/networking)","Increase my skills","All of it","Personal Growth, Add to my resume","Yes","Yes","Advanced (use Microsoft Office, including Excel & Powerpoint and set up new equipment, etc)","Yes","No","Referrals to job opportunities",-77.948245926705,35.758812426227
"Wilson","bcc9d713489c46c61d70dcb760ed5193","Wilson","NC","27893","25-34","Prefer not to say","Male","Employed","Graduate","Cybersecurity Essentials  (https://www.netacad.com/courses/cybersecurity), Networking Essentials (https://www.netacad.com/courses/networking)","Increase my skills, Get a new or better job, Case Manager recommended","All of it, Hands on- I can work at my own schedule","Personal Growth, Add to my resume, Get a new or better job","Yes","Yes","Advanced (use Microsoft Office, including Excel & Powerpoint and set up new equipment, etc)","Yes","No","Referrals to job opportunities, Job seeking skills training",-77.979774781439,35.716975922335
"Wilson","6fed98237cc1ac12193c94dee9f2dbfd","Wilson","NC","27893","18-24","White","Female","Employed","High School/GED","Cybersecurity Essentials  (https://www.netacad.com/courses/cybersecurity)","Increase my skills, Get a new or better job","All of it","Personal Growth, Add to my resume, Get a new or better job","Not at this time","Yes","Above Average (use Microsoft Office, including Excel & Powerpoint)","Yes","No","Practice interviewing, Information about other training programs",-77.917380264193,35.728224111739
"Traverse City","27c5736f1daa7d20b0df524cc96eccf0","Boon","MI","49618","35-44","White","Female","Unemployed","High School/GED","Cybersecurity Essentials  (https://www.netacad.com/courses/cybersecurity), Networking Essentials (https://www.netacad.com/courses/networking)","Increase my skills, Get a new or better job, Start my own business","All of it","Personal Growth, Add to my resume, Get a new or better job","Yes","Yes","Advanced (use Microsoft Office, including Excel & Powerpoint and set up new equipment, etc)","No","No","Referrals to job opportunities, Resume assistance, Job seeking skills training, Practice interviewing, Information about other training programs",NA,NA
"Wilson","7eb32797b4656a5ddf34b2f8432649de","Wilson","NC","27893","25-34","Black or African American","Female","Employed","Undergraduate","Networking Essentials (https://www.netacad.com/courses/networking)","Increase my skills, Get a new or better job","All of it","Personal Growth, Add to my resume, Get a new or better job","Yes","Yes","Above Average (use Microsoft Office, including Excel & Powerpoint)","Yes","No","Referrals to job opportunities, Resume assistance, Job seeking skills training, Practice interviewing",-77.942153468684,35.724482657033
"Wilson","29cf279e9478088b2a2a5cae85468297","Wilson","NC","27893","55+","Black or African American","Female","Employed","Graduate","Cybersecurity Essentials  (https://www.netacad.com/courses/cybersecurity), Networking Essentials (https://www.netacad.com/courses/networking)","Increase my skills, Get a new or better job, Start my own business","All of it, Hands on- I can work at my own schedule","Personal Growth, Add to my resume, Get a new or better job, Help start my own business","Yes","Yes","Advanced (use Microsoft Office, including Excel & Powerpoint and set up new equipment, etc)","Yes","No","Referrals to job opportunities, Resume assistance",-77.949250120658,35.726201449604
"Wilson","0fe24c2c36ccb04f426ea94c4a2c65af","Goldsboro","NC","27530","35-44","Black or African American","Male","Employed","Undergraduate","Cybersecurity Essentials  (https://www.netacad.com/courses/cybersecurity), Networking Essentials (https://www.netacad.com/courses/networking)","Increase my skills, Get a new or better job","All of it, Hands on- I can work at my own schedule","Personal Growth","Yes","Yes","Above Average (use Microsoft Office, including Excel & Powerpoint)","Yes","No","Information about other training programs",-78.113511625737,35.421783450532
"Wilson","5ed91080f09eab862c4857e820989ccc","Wilson","NC","27896","25-34","White","Female","Employed","High School/GED","Networking Essentials (https://www.netacad.com/courses/networking)","Increase my skills","All of it, Hands on- I can work at my own schedule","Personal Growth, Add to my resume, Get a new or better job","Yes","Yes","Average (can do email, shop online, search for information, use Word)","Yes","No","Information about other training programs",-77.953910475367,35.750648275782
"Wilson","234ee2fc7c7b0990375b4cd4bc27fb8c","Wilson","NC","27896","25-34","Black or African American","Female","Employed","Graduate","Cybersecurity Essentials  (https://www.netacad.com/courses/cybersecurity), Networking Essentials (https://www.netacad.com/courses/networking)","Increase my skills, Get a new or better job","All of it, Hands on- I can work at my own schedule","Personal Growth, Add to my resume, Get a new or better job","Yes","Yes","Advanced (use Microsoft Office, including Excel & Powerpoint and set up new equipment, etc)","Yes","No","Referrals to job opportunities, Resume assistance, Job seeking skills training, Practice interviewing",-77.971078899186,35.753925177167
"Wilson","9c41c7b80420f92cd93b63469416f20d","Raleigh","NC","27616","25-34","Black or African American","Male","Employed","Graduate","Networking Essentials (https://www.netacad.com/courses/networking)","Increase my skills, Get a new or better job","All of it","Personal Growth, Add to my resume, Get a new or better job","Yes","Yes","Above Average (use Microsoft Office, including Excel & Powerpoint)","Yes","No","Referrals to job opportunities, Resume assistance",NA,NA
"Traverse City","538154ca6883fa377b8e32852107f84c","Grand Rapids","MI","49504","35-44","White","Male","Employed","High School/GED","Cybersecurity Essentials  (https://www.netacad.com/courses/cybersecurity), Networking Essentials (https://www.netacad.com/courses/networking)","Increase my skills","All of it, Hands on- I can work at my own schedule","Personal Growth, Add to my resume, Get a new or better job","Yes","Yes","Advanced (use Microsoft Office, including Excel & Powerpoint and set up new equipment, etc)","Yes","No","Information about other training programs",-85.693648081592,42.990904853
"Traverse City","b4a2791d4d4f3fd0903d09a8c4f459b1","Kentwood","MI","49548","25-34","White","Male","Employed","High School/GED","Networking Essentials (https://www.netacad.com/courses/networking)","Increase my skills","All of it","Personal Growth, Add to my resume","Yes","Yes","Advanced (use Microsoft Office, including Excel & Powerpoint and set up new equipment, etc)","Yes","No","Information about other training programs",-85.653344051678,42.870478571883
"Traverse City","218d6e59be27e8c2c61b57470a76bb23","Walker","MI","49544","25-34","White","Male","Employed","High School/GED","Cybersecurity Essentials  (https://www.netacad.com/courses/cybersecurity), Networking Essentials (https://www.netacad.com/courses/networking)","Increase my skills","All of it","Personal Growth, Add to my resume","Yes","Yes","Advanced (use Microsoft Office, including Excel & Powerpoint and set up new equipment, etc)","Yes","No","No, I don't need additional services",-85.702633386674,43.006136170156
"Traverse City","8682a15be5807bb32bb4069f0e386885","Reed City","MI","49677","18-24","White","Male","Employed","High School/GED","Cybersecurity Essentials  (https://www.netacad.com/courses/cybersecurity)","Increase my skills","All of it, Hands on- I can work at my own schedule","Personal Growth, Add to my resume, Get a new or better job","Yes","Yes","Advanced (use Microsoft Office, including Excel & Powerpoint and set up new equipment, etc)","Yes","No","Information about other training programs",-85.510305644019,43.873167987174
"Traverse City","ad93d3ba40c3f1545afe6b3c272b30cc","muskegon","MI","49444","25-34","Prefer not to say","Male","Employed","Graduate","Networking Essentials (https://www.netacad.com/courses/networking)","Increase my skills","All of it","Personal Growth, Add to my resume","Not at this time","Not at this time","Advanced (use Microsoft Office, including Excel & Powerpoint and set up new equipment, etc)","Yes","No","No, I don't need additional services",NA,NA
"Traverse City","31ab9a9685866d355458dc6b2de6a6c4","Traverse City","MI","49686","35-44","Black or African American","Male","Employed","Undergraduate","Cybersecurity Essentials  (https://www.netacad.com/courses/cybersecurity)","Increase my skills, Get a new or better job","All of it, Hands on- I can work at my own schedule","Personal Growth, Add to my resume, Get a new or better job","Yes","Yes","Above Average (use Microsoft Office, including Excel & Powerpoint)","Yes","No","Referrals to job opportunities, Resume assistance, Job seeking skills training, Practice interviewing, Information about other training programs",-85.588569252132,44.763929461118
"Wilson","45f36307c441ecb3f629b0ed05af7bea","Wilson","NC","27894","45-54","Black or African American","Female","Employed","Undergraduate","Cybersecurity Essentials  (https://www.netacad.com/courses/cybersecurity)","Increase my skills","All of it, Hands on- I can work at my own schedule","Personal Growth, Add to my resume","Yes","Yes","Above Average (use Microsoft Office, including Excel & Powerpoint)","Yes","No","Referrals to job opportunities",-77.906286802764,35.729119501485
"Traverse City","32ce94cec514524cc1243fe4459defe0","","MI","49685","18-24","White","Male","Employed","High School/GED","Networking Essentials (https://www.netacad.com/courses/networking)","Increase my skills, Get a new or better job, Start my own business","All of it, Hands on- I can work at my own schedule","Personal Growth, Get a new or better job, Help start my own business","Yes","Yes","Average (can do email, shop online, search for information, use Word)","Yes","No","Job seeking skills training, Information about other training programs",-85.808200940238,44.7409272338
"Traverse City","90834a7380d6fc66c254e3016b0d690a","","MI","49333","25-34","White","Male","Employed","Undergraduate","Cybersecurity Essentials  (https://www.netacad.com/courses/cybersecurity)","Increase my skills, Get a new or better job, Start my own business","All of it","Personal Growth, Add to my resume, Get a new or better job, Help start my own business","Yes","Yes","Advanced (use Microsoft Office, including Excel & Powerpoint and set up new equipment, etc)","Yes","No","Referrals to job opportunities, Information about other training programs",-85.4742219849,42.718306739626
"Wilson","c74c21682508ab6ef1c67f7df538f4a9","Wilson","NC","27896","35-44","Black or African American","Female","Employed","Postgraduate","Cybersecurity Essentials  (https://www.netacad.com/courses/cybersecurity)","Increase my skills, Get a new or better job","All of it","Personal Growth, Add to my resume, Get a new or better job","Yes","Yes","Above Average (use Microsoft Office, including Excel & Powerpoint)","Yes","No","Referrals to job opportunities, Resume assistance, Job seeking skills training, Practice interviewing, Information about other training programs",-77.948573491911,35.760935662421
"Wilson","7c21f59ab08adc0bbad849bd9b708443","","NC","27893","25-34","Black or African American","Male","Employed","High School/GED","Cybersecurity Essentials  (https://www.netacad.com/courses/cybersecurity)","Get a new or better job","All of it","Get a new or better job","Yes","Yes","Advanced (use Microsoft Office, including Excel & Powerpoint and set up new equipment, etc)","Yes","No","Referrals to job opportunities",-77.946357549601,35.733446128298
"Traverse City","7ee632ccaf591ef6412a3ecb5a55dff7","Kingsley","MI","49649","45-54","White","Female","Employed","Undergraduate","Cybersecurity Essentials  (https://www.netacad.com/courses/cybersecurity), Networking Essentials (https://www.netacad.com/courses/networking)","Increase my skills, Get a new or better job","All of it, Hands on- I can work at my own schedule","Personal Growth, Add to my resume, Get a new or better job","Yes","Yes","Advanced (use Microsoft Office, including Excel & Powerpoint and set up new equipment, etc)","Yes","No","Resume assistance, Information about other training programs",-85.455658289128,44.589336275253
"Wilson","7da1562fb6cb7cae22fe6a82ecdd87ff","Wilson","NC","27896","18-24","Black or African American","Male","Unemployed","High School/GED","Cybersecurity Essentials  (https://www.netacad.com/courses/cybersecurity)","Increase my skills, Get a new or better job, Start my own business","All of it, Hands on- I can work at my own schedule","Personal Growth, Add to my resume, Get a new or better job, Help start my own business","Yes","Yes","Above Average (use Microsoft Office, including Excel & Powerpoint)","Yes","No","Referrals to job opportunities, Information about other training programs",-77.942120690285,35.745714078488
"Traverse City","1b7a1da839bc2692027ec13c8733441d","","MI","49685","25-34","Asian","Female","Employed","High School/GED","Networking Essentials (https://www.netacad.com/courses/networking)","Increase my skills, Get a new or better job","All of it","Personal Growth, Get a new or better job, Help start my own business","Yes","Yes","Average (can do email, shop online, search for information, use Word)","Yes","No","Referrals to job opportunities, Resume assistance, Job seeking skills training, Practice interviewing, Information about other training programs",-85.634006332062,44.716143856379
"Traverse City","7216c4fb4e4c14bbd2d881f326bd8b6f","","MI","49740","45-54","White","Male","Employed","High School/GED","Cybersecurity Essentials  (https://www.netacad.com/courses/cybersecurity), Networking Essentials (https://www.netacad.com/courses/networking)","Increase my skills, Get a new or better job","All of it","Personal Growth, Add to my resume, Get a new or better job","Yes","Yes","Average (can do email, shop online, search for information, use Word)","Yes","No","Referrals to job opportunities, Resume assistance, Information about other training programs",-85.006892119278,45.509634165
"Traverse City","18eed1d049c24fcf3c0d4bd0b46eae52","Traverse City","MI","49686","25-34","White","Male","Employed","Undergraduate","Cybersecurity Essentials  (https://www.netacad.com/courses/cybersecurity)","Increase my skills","Hands on- I can work at my own schedule","Personal Growth, Add to my resume","Yes","Yes","Advanced (use Microsoft Office, including Excel & Powerpoint and set up new equipment, etc)","Yes","No","Information about other training programs, No, I don't need additional services",-85.613144457603,44.735538242196
"Wilson","1a6cbad8d59c3373663dae5557e43a57","Wilson","NC","27893","35-44","Black or African American","Female","Employed","Graduate","Networking Essentials (https://www.netacad.com/courses/networking)","Increase my skills, Get a new or better job","All of it, Hands on- I can work at my own schedule","Personal Growth, Add to my resume, Get a new or better job","Yes","Yes","Advanced (use Microsoft Office, including Excel & Powerpoint and set up new equipment, etc)","Yes","No","Information about other training programs, No, I don't need additional services",-77.917649206253,35.709195238981
"Wilson","3b249eaf7b557f633b22b7bd4a9f1c40","Wilson","NC","27893","55+","White","Female","Employed","High School/GED","Networking Essentials (https://www.netacad.com/courses/networking)","Increase my skills","All of it, Hands on- I can work at my own schedule","Personal Growth, Add to my resume","Yes","Yes","Average (can do email, shop online, search for information, use Word)","Yes","No","Information about other training programs",-77.964896630154,35.717969153923
"Wilson","e8753794cd3a57b18804a2f0ffcf59d0","Wilson","NC","27893","25-34","Black or African American","Female","Employed","Undergraduate","Cybersecurity Essentials  (https://www.netacad.com/courses/cybersecurity), Networking Essentials (https://www.netacad.com/courses/networking)","Increase my skills","All of it","Personal Growth, Add to my resume","Yes","Yes","Advanced (use Microsoft Office, including Excel & Powerpoint and set up new equipment, etc)","Yes","No","Information about other training programs",-77.931823913999,35.717351131869
"Rutland","7a31cd85cd419cfdb237aea4a4dbdebd","","VT","05751","35-44","Black or African American","Male","Employed","Undergraduate","Networking Essentials (https://www.netacad.com/courses/networking)","Increase my skills","All of it","Personal Growth, Add to my resume, Help start my own business","Yes","Yes","Advanced (use Microsoft Office, including Excel & Powerpoint and set up new equipment, etc)","Yes","No","Information about other training programs",-72.803284083058,43.66813173348
"Wilson","f56fdd0c921f6cef5ea147a07e184fb9","Wilson","NC","27896","25-34","Black or African American","Female","Unemployed","High School/GED","Cybersecurity Essentials  (https://www.netacad.com/courses/cybersecurity)","Increase my skills, Get a new or better job","All of it, Hands on- I can work at my own schedule","Personal Growth, Add to my resume, Get a new or better job","Yes","Yes","Advanced (use Microsoft Office, including Excel & Powerpoint and set up new equipment, etc)","Yes","No","Referrals to job opportunities, Resume assistance, Job seeking skills training, Practice interviewing, Information about other training programs",-77.95547144027,35.76367330399
"Ada","6a8a51bfc9757ae33c712408cf007361","Ada","OK","74820","35-44","White","Male","Employed","Undergraduate","Networking Essentials (https://www.netacad.com/courses/networking)","Increase my skills","All of it","Personal Growth, Add to my resume","Yes","Yes","Advanced (use Microsoft Office, including Excel & Powerpoint and set up new equipment, etc)","Yes","No","Information about other training programs",NA,NA
"Ada","d49b71fd5bbaa6a3e032f557e566a464","Ada","OK","74820","25-34","White","Male","Employed","Graduate","Cybersecurity Essentials  (https://www.netacad.com/courses/cybersecurity), Networking Essentials (https://www.netacad.com/courses/networking)","Increase my skills","All of it","Personal Growth","Yes","Yes","Advanced (use Microsoft Office, including Excel & Powerpoint and set up new equipment, etc)","Yes","No","No, I don't need additional services",-96.645695975448,34.78164018029
"Ada","ac6d9eaa8f6540596cebe2bb5fb60cb8","Ada","OK","74820","45-54","White","Female","Employed","Graduate","Cybersecurity Essentials  (https://www.netacad.com/courses/cybersecurity), Networking Essentials (https://www.netacad.com/courses/networking)","Increase my skills","Hands on- I can work at my own schedule","Personal Growth, Add to my resume","Yes","Yes","Advanced (use Microsoft Office, including Excel & Powerpoint and set up new equipment, etc)","Yes","No","No, I don't need additional services",-96.68301213036,34.763552593986
"Aberdeen","24949558fcfb86c02fa461304249dc34","Aberdeen","SD","57401","45-54","White","Male","Employed","High School/GED","Cybersecurity Essentials  (https://www.netacad.com/courses/cybersecurity), Networking Essentials (https://www.netacad.com/courses/networking)","Increase my skills, Start my own business","All of it, Hands on- I can work at my own schedule","Personal Growth, Add to my resume, Help start my own business","Yes","Yes","Advanced (use Microsoft Office, including Excel & Powerpoint and set up new equipment, etc)","Yes","Yes","Resume assistance, Information about other training programs",-98.466196914773,45.454280054447
"Ada","92f1021639f06b0d176971f81a78df54","Ada","OK","74820","18-24","American Indian or Alaska Native","Male","Student","Undergraduate","Cybersecurity Essentials  (https://www.netacad.com/courses/cybersecurity), Networking Essentials (https://www.netacad.com/courses/networking)","Increase my skills, Get a new or better job, Start my own business","All of it","Personal Growth, Add to my resume, Get a new or better job, Help start my own business","Not at this time","Yes","Advanced (use Microsoft Office, including Excel & Powerpoint and set up new equipment, etc)","Yes","No","Referrals to job opportunities, Resume assistance, Job seeking skills training, Practice interviewing, Information about other training programs",-96.672140120882,34.776748383689
"Ada","4aa3eab0af8f834e41f9f946a727af62","Ada","OK","74820","25-34","White","Female","Employed","Graduate","Cybersecurity Essentials  (https://www.netacad.com/courses/cybersecurity), Networking Essentials (https://www.netacad.com/courses/networking)","Increase my skills","All of it","Personal Growth, Add to my resume","Yes","Yes","Above Average (use Microsoft Office, including Excel & Powerpoint)","Yes","No","Resume assistance, Information about other training programs",-96.663611250924,34.771438640466
"Ada","30c721ff4d095938b5b1b1e7e2cc66ea","Ada","OK","74820","45-54","American Indian or Alaska Native","Male","Employed","High School/GED","Cybersecurity Essentials  (https://www.netacad.com/courses/cybersecurity), Networking Essentials (https://www.netacad.com/courses/networking)","Increase my skills, Get a new or better job, Start my own business, I don't know","All of it","Personal Growth, Add to my resume","Yes","Yes","Advanced (use Microsoft Office, including Excel & Powerpoint and set up new equipment, etc)","Yes","No","Information about other training programs",-96.687037734746,34.771344184163
"Wilson","d3cc9aa60837c703da3e898e75fe0338","Wilson","NC","27893","18-24","Black or African American","Male","Unemployed","Undergraduate","Cybersecurity Essentials  (https://www.netacad.com/courses/cybersecurity), Networking Essentials (https://www.netacad.com/courses/networking)","Increase my skills, Get a new or better job, Start my own business","All of it","Personal Growth, Add to my resume, Get a new or better job, Help start my own business","Yes","Yes","Advanced (use Microsoft Office, including Excel & Powerpoint and set up new equipment, etc)","Yes","No","Referrals to job opportunities, Resume assistance, Job seeking skills training, Practice interviewing, Information about other training programs",-77.946398376026,35.708830748731
"Wilson","78766922d438c8788fc25474232f2320","Wilson","NC","27896","25-34","Black or African American","Male","Employed","Undergraduate","Cybersecurity Essentials  (https://www.netacad.com/courses/cybersecurity), Networking Essentials (https://www.netacad.com/courses/networking)","Increase my skills, Get a new or better job, Case Manager recommended","All of it","Personal Growth, Add to my resume, Get a new or better job","Yes","Yes","Above Average (use Microsoft Office, including Excel & Powerpoint)","Yes","No","Referrals to job opportunities, Job seeking skills training, Practice interviewing, Information about other training programs",-77.968507173474,35.789110965073
"Aberdeen","0dbc2800cd4c9c8bcdb22d9d7b5c5cbe","Aberdeen","SD","57401","45-54","White","Female","Employed","Undergraduate","Networking Essentials (https://www.netacad.com/courses/networking)","Increase my skills, Get a new or better job","Hands on- I can work at my own schedule","Personal Growth, Get a new or better job","Yes","Yes","Average (can do email, shop online, search for information, use Word)","Yes","No","Referrals to job opportunities, Information about other training programs",-98.515531700187,45.437127840349
"Aberdeen","837ecd0376481a9e8e2bb955722ea2ca","Sisseton","SD","57262","45-54","White","Female","Employed","Undergraduate","Cybersecurity Essentials  (https://www.netacad.com/courses/cybersecurity), Networking Essentials (https://www.netacad.com/courses/networking)","Increase my skills","All of it","Personal Growth, Add to my resume","Yes","Yes","Advanced (use Microsoft Office, including Excel & Powerpoint and set up new equipment, etc)","Yes","No","Referrals to job opportunities, Information about other training programs",-97.059836123715,45.661184635518
"Ada","9203e5c79bca6206f10b7bae8dc26d74","Ada","OK","74820","25-34","White","Female","Employed","Graduate","Cybersecurity Essentials  (https://www.netacad.com/courses/cybersecurity), Networking Essentials (https://www.netacad.com/courses/networking)","Increase my skills","All of it, Hands on- I can work at my own schedule","Personal Growth, Add to my resume","Yes","Yes","Above Average (use Microsoft Office, including Excel & Powerpoint)","Yes","No","No, I don't need additional services",NA,NA
"Ada","fa32279164ef2343b3f82298dd9509e6","Ada","OK","74820","35-44","White","Female","Employed","Graduate","Cybersecurity Essentials  (https://www.netacad.com/courses/cybersecurity), Networking Essentials (https://www.netacad.com/courses/networking)","Increase my skills","All of it, Hands on- I can work at my own schedule","Personal Growth, Add to my resume, Help start my own business","Yes","Yes","Advanced (use Microsoft Office, including Excel & Powerpoint and set up new equipment, etc)","Yes","No","Information about other training programs, No, I don't need additional services",-96.636356122128,34.785457151562
"Traverse City","aeee1a804bf32b33c8afbfeb6d88c16e","Vanderbilt","MI","49795","35-44","White","Male","Unemployed","Postgraduate","Cybersecurity Essentials  (https://www.netacad.com/courses/cybersecurity), Networking Essentials (https://www.netacad.com/courses/networking)","Increase my skills, Get a new or better job, Start my own business","All of it","Personal Growth, Add to my resume, Get a new or better job, Help start my own business","Yes","Yes","Advanced (use Microsoft Office, including Excel & Powerpoint and set up new equipment, etc)","Yes","No","Referrals to job opportunities, Resume assistance, Job seeking skills training, Information about other training programs",NA,NA
"Ada","355df5ffc30efcf4e79c87c7bea72aa1","Stonewall","OK","74871","25-34","White","Female","Employed","Undergraduate","Cybersecurity Essentials  (https://www.netacad.com/courses/cybersecurity), Networking Essentials (https://www.netacad.com/courses/networking)","Increase my skills, Get a new or better job","Hands on- I can work at my own schedule","Add to my resume, Get a new or better job","Yes","Yes","Advanced (use Microsoft Office, including Excel & Powerpoint and set up new equipment, etc)","Yes","No","No, I don't need additional services",NA,NA
"Ada","41b3d6818b9586531f3985017250e3a2","Norman","OK","73072","25-34","White","Female","Employed","Undergraduate","Cybersecurity Essentials  (https://www.netacad.com/courses/cybersecurity)","Increase my skills, Get a new or better job","All of it","Add to my resume, Get a new or better job","Yes","Yes","Advanced (use Microsoft Office, including Excel & Powerpoint and set up new equipment, etc)","Yes","No","Referrals to job opportunities, Resume assistance, Practice interviewing, Information about other training programs",-97.423851745768,35.182596378074
"Aberdeen","a7520e061aac793dd590d55af7a8b7f4","Aberdeen","SD","57401","25-34","White","Female","Employed","Undergraduate","Cybersecurity Essentials  (https://www.netacad.com/courses/cybersecurity), Networking Essentials (https://www.netacad.com/courses/networking)","Increase my skills, Start my own business","Hands on- I can work at my own schedule","Personal Growth, Add to my resume, Get a new or better job, Help start my own business","Yes","Yes","Advanced (use Microsoft Office, including Excel & Powerpoint and set up new equipment, etc)","Yes","No","Information about other training programs",-98.502404187436,45.44926188582
"Traverse City","59a912ba4375c12dcb8740c9ceccc4a0","Traverse","MI","49686","18-24","White","Male","Employed","High School/GED","Cybersecurity Essentials  (https://www.netacad.com/courses/cybersecurity), Networking Essentials (https://www.netacad.com/courses/networking)","Increase my skills, Get a new or better job, Start my own business","All of it, Hands on- I can work at my own schedule","Personal Growth, Add to my resume, Get a new or better job, Help start my own business","Yes","Yes","Above Average (use Microsoft Office, including Excel & Powerpoint)","Yes","No","No, I don't need additional services",-85.547061445433,44.910500814726
"Ada","049f2ebe86fdb3ab4b7e130fff641003","","OK","74820","45-54","White","Female","Employed","High School/GED","Cybersecurity Essentials  (https://www.netacad.com/courses/cybersecurity)","Increase my skills, Get a new or better job","Hands on- I can work at my own schedule","Personal Growth, Add to my resume, Get a new or better job","Yes","Yes","Average (can do email, shop online, search for information, use Word)","Yes","No","Information about other training programs",-96.677675140594,34.753504275758
"Ada","f077276fa4f5c99e310c0ce3cecdde40","STONEWALL","OK","74871","35-44","Prefer not to say","Male","Employed","High School/GED","Cybersecurity Essentials  (https://www.netacad.com/courses/cybersecurity)","Increase my skills, Get a new or better job, Start my own business","Hands on- I can work at my own schedule","Personal Growth, Add to my resume, Get a new or better job, Help start my own business","Yes","Yes","Average (can do email, shop online, search for information, use Word)","Yes","No","Referrals to job opportunities, Resume assistance, Information about other training programs",NA,NA
"Chambers County","64005a6d2a75e7df5d80a9924a90db8a","Valley","AL","36854","18-24","White","Male","Employed","High School/GED","Cybersecurity Essentials  (https://www.netacad.com/courses/cybersecurity), Networking Essentials (https://www.netacad.com/courses/networking)","Increase my skills, Get a new or better job","Hands on- I can work at my own schedule","Personal Growth, Add to my resume, Get a new or better job","Yes","Yes","Advanced (use Microsoft Office, including Excel & Powerpoint and set up new equipment, etc)","Yes","No","Referrals to job opportunities, Resume assistance, Job seeking skills training, Practice interviewing",-85.163861016226,32.84969367836
"Traverse City","143a9d197dea984196763e7839e69d6d","Traverse City","MI","49686","25-34","White","Male","Employed","Undergraduate","Cybersecurity Essentials  (https://www.netacad.com/courses/cybersecurity)","Get a new or better job","All of it","Personal Growth, Add to my resume, Get a new or better job","Yes","Yes","Advanced (use Microsoft Office, including Excel & Powerpoint and set up new equipment, etc)","Yes","No","Referrals to job opportunities, Resume assistance, Job seeking skills training",-85.608582456813,44.71873123599
"Taos","e4ce56cc147abb9a0e05faff5d53106b","El Prado","NM","87529","25-34","White","Male","Employed","High School/GED","Cybersecurity Essentials  (https://www.netacad.com/courses/cybersecurity), Networking Essentials (https://www.netacad.com/courses/networking)","Increase my skills","All of it","Personal Growth, Add to my resume","Yes","Yes","Advanced (use Microsoft Office, including Excel & Powerpoint and set up new equipment, etc)","Yes","No","Information about other training programs",NA,NA
"Taos","4a51e21eb1216a67def60f852b0893a4","","NM","87529","45-54","American Indian or Alaska Native","Male","Employed","High School/GED","Cybersecurity Essentials  (https://www.netacad.com/courses/cybersecurity), Networking Essentials (https://www.netacad.com/courses/networking)","Increase my skills, Get a new or better job","All of it, Hands on- I can work at my own schedule","Personal Growth, Add to my resume, Get a new or better job","Yes","Yes","Advanced (use Microsoft Office, including Excel & Powerpoint and set up new equipment, etc)","Yes","No","Information about other training programs",NA,NA
"Taos","b0db038fc4b6a9a1867d01b34e43b256","Costilla","NM","87524","55+","White","Female","Employed","Graduate","Cybersecurity Essentials  (https://www.netacad.com/courses/cybersecurity)","Increase my skills, Get a new or better job, Start my own business, Case Manager recommended","All of it","Personal Growth, Add to my resume, Get a new or better job, Help start my own business","Yes","Yes","Average (can do email, shop online, search for information, use Word)","Yes","No","Referrals to job opportunities, Job seeking skills training, Information about other training programs",-105.631088237728,36.5774360297487
"Ada","0088be252ab49f9bfaa0f8e16898dfb5","Davis","OK","73030","18-24","White","Male","Employed","High School/GED","Networking Essentials (https://www.netacad.com/courses/networking)","Increase my skills","Hands on- I can work at my own schedule","Personal Growth, Add to my resume","Yes","Yes","Advanced (use Microsoft Office, including Excel & Powerpoint and set up new equipment, etc)","Yes","No","No, I don't need additional services",-97.09538190147,34.504438403019
"Ada","807f7b9f2cfbf0526b2a7457ace10bb4","Roff","OK","74865","18-24","American Indian or Alaska Native","Male","Employed","High School/GED","Networking Essentials (https://www.netacad.com/courses/networking)","Increase my skills, Case Manager recommended","All of it","Personal Growth, Add to my resume","Yes","Yes","Advanced (use Microsoft Office, including Excel & Powerpoint and set up new equipment, etc)","Yes","No","Information about other training programs",-96.84757811186,34.557489429303
"Ada","3394d4b70f0c2399f37943c33a480483","Ada","OK","74820","25-34","White","Female","Employed","High School/GED","Cybersecurity Essentials  (https://www.netacad.com/courses/cybersecurity)","Increase my skills, Get a new or better job","All of it","Personal Growth, Add to my resume, Get a new or better job","Yes","Yes","Average (can do email, shop online, search for information, use Word)","Yes","No","Referrals to job opportunities, Information about other training programs",-96.691890500085,34.777594474649
"Taos","f76d1c911b7999c4daebb3bd71e58d13","Taos","NM","87571","35-44","White","Male","Employed","Graduate","Cybersecurity Essentials  (https://www.netacad.com/courses/cybersecurity)","Increase my skills","All of it","Personal Growth","Yes","Yes","Advanced (use Microsoft Office, including Excel & Powerpoint and set up new equipment, etc)","Yes","No","Information about other training programs",-105.583122941612,36.384361797331
"Ada","ee3b834c1b7884cd36e1990b290ac888","Fitzhugh","OK","74843","35-44","Prefer not to say","Female","Employed","High School/GED","Cybersecurity Essentials  (https://www.netacad.com/courses/cybersecurity)","Get a new or better job, Start my own business","All of it, Hands on- I can work at my own schedule","Personal Growth, Get a new or better job, Help start my own business","Yes","Yes","Above Average (use Microsoft Office, including Excel & Powerpoint)","Yes","No","Referrals to job opportunities, Information about other training programs",NA,NA
"Ada","1034dfaad0e43ff0d7a7d7b7cdb92faa","Ada","OK","74820","18-24","White","Male","Employed","High School/GED","Cybersecurity Essentials  (https://www.netacad.com/courses/cybersecurity), Networking Essentials (https://www.netacad.com/courses/networking)","Increase my skills, Get a new or better job","All of it, Hands on- I can work at my own schedule","Personal Growth, Add to my resume, Get a new or better job","Yes","Yes","Advanced (use Microsoft Office, including Excel & Powerpoint and set up new equipment, etc)","Yes","No","No, I don't need additional services",-96.641965636303,34.781335586689
"Taos","bd1bcbc9ae1844abd91cd1e393ef0137","Taos, New Mexcio","NM","87571","55+","Prefer not to say","Male","Employed","Undergraduate","Networking Essentials (https://www.netacad.com/courses/networking)","Increase my skills","Hands on- I can work at my own schedule","Personal Growth","Not at this time","Not at this time","Advanced (use Microsoft Office, including Excel & Powerpoint and set up new equipment, etc)","Yes","No","Information about other training programs",-105.582172806629,36.390442688606
"Portsmouth","e68728ef418f28f74a2f82e7bd5a6bdb","Minford","OH","45654","55+","White","Male","Employed","Graduate","Cybersecurity Essentials  (https://www.netacad.com/courses/cybersecurity), Networking Essentials (https://www.netacad.com/courses/networking)","Increase my skills","Hands on- I can work at my own schedule","Personal Growth","Yes","Yes","Advanced (use Microsoft Office, including Excel & Powerpoint and set up new equipment, etc)","Yes","No","Information about other training programs",-82.863973605773,38.863446983638
"Traverse City","fe872e3787ac70d93d5fd0926e903445","Traverse City","MI","49684","55+","White","Male","Unemployed","Undergraduate","Cybersecurity Essentials  (https://www.netacad.com/courses/cybersecurity), Networking Essentials (https://www.netacad.com/courses/networking)","Increase my skills, Get a new or better job","All of it","Personal Growth, Add to my resume, Get a new or better job","Yes","Yes","Above Average (use Microsoft Office, including Excel & Powerpoint)","Yes","No","Referrals to job opportunities, Practice interviewing, Information about other training programs",-85.630948104554,44.751725382878
"Wilson","60c1b5cb3846c9ab58af92ef936ca54c","Winston Salem","NC","27107","18-24","Black or African American","Female","Student","Undergraduate","Cybersecurity Essentials  (https://www.netacad.com/courses/cybersecurity), Networking Essentials (https://www.netacad.com/courses/networking)","Increase my skills, Get a new or better job","All of it","Personal Growth, Add to my resume, Get a new or better job","Yes","Yes","Advanced (use Microsoft Office, including Excel & Powerpoint and set up new equipment, etc)","Yes","No","Referrals to job opportunities, Job seeking skills training, Practice interviewing, Information about other training programs",-80.218421245342,36.018076311336
"Traverse City","fe90826c7407a3f758e903f8a34cae92","","MI","49682","35-44","American Indian or Alaska Native","Male","Employed","Graduate","Networking Essentials (https://www.netacad.com/courses/networking)","Increase my skills, Get a new or better job, Start my own business","All of it","Personal Growth, Add to my resume, Get a new or better job, Help start my own business","Yes","Yes","Above Average (use Microsoft Office, including Excel & Powerpoint)","Yes","No","Referrals to job opportunities, Job seeking skills training, Information about other training programs",NA,NA
"Ada","bab33659945480968a08233e62d42795","Ada","OK","74820","35-44","White","Female","Employed","Graduate","Cybersecurity Essentials  (https://www.netacad.com/courses/cybersecurity), Networking Essentials (https://www.netacad.com/courses/networking)","Increase my skills, Get a new or better job","All of it","Personal Growth, Add to my resume, Get a new or better job, Help start my own business","Yes","Yes","Above Average (use Microsoft Office, including Excel & Powerpoint)","Yes","No","No, I don't need additional services",-96.637045274441,34.841799868199
"Traverse City","917141d0110855f1ada3a24f5ee2ee5b","Kewadin","MI","49648","25-34","White","Male","Employed","Undergraduate","Cybersecurity Essentials  (https://www.netacad.com/courses/cybersecurity), Networking Essentials (https://www.netacad.com/courses/networking)","Increase my skills, Get a new or better job","Hands on- I can work at my own schedule","Personal Growth, Add to my resume, Get a new or better job","Yes","Yes","Advanced (use Microsoft Office, including Excel & Powerpoint and set up new equipment, etc)","Yes","No","Referrals to job opportunities, Resume assistance, Job seeking skills training",-85.373316285875,44.936969432312
"Traverse City","a85b1950da1a73c0304a2d4ebee8bb33","Cadillac","MI","49601","25-34","White","Female","Unemployed","High School/GED","Cybersecurity Essentials  (https://www.netacad.com/courses/cybersecurity), Networking Essentials (https://www.netacad.com/courses/networking)","Increase my skills, Get a new or better job, Case Manager recommended","All of it, Hands on- I can work at my own schedule","Personal Growth, Add to my resume, Get a new or better job","Yes","Yes","Above Average (use Microsoft Office, including Excel & Powerpoint)","Yes","No","Information about other training programs",-85.41068463928,44.234707933106
"Pryor Creek","4ce468dea16368ce598f5fb1237f0c5b","Tulsa","OK","74105","35-44","Prefer not to say","Male","Employed","Undergraduate","Networking Essentials (https://www.netacad.com/courses/networking)","Increase my skills, Get a new or better job","All of it, Hands on- I can work at my own schedule","Personal Growth, Add to my resume, Get a new or better job","Yes","Yes","Advanced (use Microsoft Office, including Excel & Powerpoint and set up new equipment, etc)","Yes","No","Referrals to job opportunities, Resume assistance, Job seeking skills training, Information about other training programs",-95.951909717793,36.087630834939
"The Berkshires","28ed1a7cc921016fc200369098379a60","Boston","MA","02115","25-34","Asian","Male","Unemployed","Undergraduate","Cybersecurity Essentials  (https://www.netacad.com/courses/cybersecurity)","Increase my skills","All of it, Hands on- I can work at my own schedule","Personal Growth, Add to my resume, Get a new or better job","Yes","Yes","Advanced (use Microsoft Office, including Excel & Powerpoint and set up new equipment, etc)","Yes","Yes","Job seeking skills training, Information about other training programs",-71.087917007184,42.349521684631
"Nacogdoches","777fc4d8b68c745e0995a62657e2fa96","Brownsville","TX","78520","25-34","White","Male","Employed","Graduate","Cybersecurity Essentials  (https://www.netacad.com/courses/cybersecurity), Networking Essentials (https://www.netacad.com/courses/networking)","Increase my skills, Get a new or better job","Hands on- I can work at my own schedule","Personal Growth, Add to my resume, Get a new or better job","Yes","Yes","Advanced (use Microsoft Office, including Excel & Powerpoint and set up new equipment, etc)","Yes","No","No, I don't need additional services",-97.524758533207,25.987492155431
"Ada","d180e1633fc9c057d36de61e985d36b7","Norman","OK","74820","25-34","White","Male","Employed","High School/GED","Cybersecurity Essentials  (https://www.netacad.com/courses/cybersecurity), Networking Essentials (https://www.netacad.com/courses/networking)","Increase my skills","All of it","Personal Growth, Add to my resume","Yes","Yes","Advanced (use Microsoft Office, including Excel & Powerpoint and set up new equipment, etc)","Yes","No","Information about other training programs",-97.453077281605,35.220373016742
"Ada","be84978e9704fff032ac2e98530a0bdb","Ada","OK","74820","35-44","White","Male","Employed","Undergraduate","Cybersecurity Essentials  (https://www.netacad.com/courses/cybersecurity), Networking Essentials (https://www.netacad.com/courses/networking)","Increase my skills","All of it","Personal Growth, Add to my resume, Get a new or better job","Yes","Yes","Advanced (use Microsoft Office, including Excel & Powerpoint and set up new equipment, etc)","Yes","No","No, I don't need additional services",-96.645892458746,34.781877846641
"Nacogdoches","b66fac7f68625b540c93d2cb1e6c7ded","Denison","TX","75020","25-34","White","Female","Employed","Undergraduate","Cybersecurity Essentials  (https://www.netacad.com/courses/cybersecurity), Networking Essentials (https://www.netacad.com/courses/networking)","Increase my skills, Case Manager recommended","All of it, Hands on- I can work at my own schedule","Personal Growth, Add to my resume","Yes","Yes","Advanced (use Microsoft Office, including Excel & Powerpoint and set up new equipment, etc)","Yes","No","Information about other training programs",-96.539847596549,33.763868771067
"Portsmouth","cca2f8e9392040d760e0f805325b0765","Akron","OH","44310","35-44","White","Male","Employed","Graduate","Cybersecurity Essentials  (https://www.netacad.com/courses/cybersecurity), Networking Essentials (https://www.netacad.com/courses/networking)","Increase my skills","All of it","Personal Growth, Add to my resume","Yes","Yes","Advanced (use Microsoft Office, including Excel & Powerpoint and set up new equipment, etc)","Yes","No","No, I don't need additional services",-81.494591763312,41.097357151906
"Ada","aa680b6ff879c220e3643ee96bbc98c1","Ada","OK","74820","55+","American Indian or Alaska Native","Female","Employed","High School/GED","Networking Essentials (https://www.netacad.com/courses/networking)","Increase my skills","Hands on- I can work at my own schedule","Personal Growth","Yes","Yes","Advanced (use Microsoft Office, including Excel & Powerpoint and set up new equipment, etc)","Yes","No","No, I don't need additional services",-96.663128559379,34.787605002776
"Ada","097647b80dd57b7c5c79d7341029e5e5","Oaks","OK","74820","25-34","White","Male","Unemployed","Undergraduate","Cybersecurity Essentials  (https://www.netacad.com/courses/cybersecurity), Networking Essentials (https://www.netacad.com/courses/networking)","Increase my skills, Get a new or better job","All of it","Personal Growth, Add to my resume, Get a new or better job","Yes","Yes","Above Average (use Microsoft Office, including Excel & Powerpoint)","Yes","Yes","Job seeking skills training, Practice interviewing",NA,NA
"Ada","c2604a0577d8e4532b31c4dfb4c3cc7d","Ada","OK","74820","25-34","White","Male","Employed","Undergraduate","Cybersecurity Essentials  (https://www.netacad.com/courses/cybersecurity), Networking Essentials (https://www.netacad.com/courses/networking)","Increase my skills","All of it, Hands on- I can work at my own schedule","Personal Growth","Yes","Yes","Advanced (use Microsoft Office, including Excel & Powerpoint and set up new equipment, etc)","Yes","No","Information about other training programs",-96.603263565493,34.778846539705
"Traverse City","cf8a4cbae4138f5c38838773d9b48bba","Southfield","MI","48075","25-34","Black or African American","Female","Unemployed","High School/GED","Cybersecurity Essentials  (https://www.netacad.com/courses/cybersecurity), Networking Essentials (https://www.netacad.com/courses/networking)","Increase my skills, Get a new or better job","All of it, Hands on- I can work at my own schedule","Personal Growth, Get a new or better job","Yes","Yes","Above Average (use Microsoft Office, including Excel & Powerpoint)","Yes","No","Referrals to job opportunities, Resume assistance, Job seeking skills training, Information about other training programs",-83.248979942946,42.453550201806
"Ada","0c93497ba0f3053b93513958ecc8c9c7","Ada","OK","74820","45-54","White","Female","Employed","High School/GED","Cybersecurity Essentials  (https://www.netacad.com/courses/cybersecurity), Networking Essentials (https://www.netacad.com/courses/networking)","Increase my skills","All of it","Personal Growth, Add to my resume","Yes","Yes","Above Average (use Microsoft Office, including Excel & Powerpoint)","Yes","No","No, I don't need additional services",-96.706578916056,34.757661569944
"Ada","1b386a9ea2eb99724db5f6320a3ce699","Coalgate","OK","74538","25-34","White","Male","Employed","High School/GED","Cybersecurity Essentials  (https://www.netacad.com/courses/cybersecurity), Networking Essentials (https://www.netacad.com/courses/networking)","Increase my skills","I don't know","Personal Growth","Yes","Yes","Advanced (use Microsoft Office, including Excel & Powerpoint and set up new equipment, etc)","Yes","No","No, I don't need additional services",-96.267390367381,34.663856594001
"Ada","8659299f7636cd77dab6f31cddf7241c","Ada","OK","74820","18-24","White","Male","Employed","Undergraduate","Cybersecurity Essentials  (https://www.netacad.com/courses/cybersecurity), Networking Essentials (https://www.netacad.com/courses/networking)","Increase my skills","All of it","Personal Growth","Yes","Yes","Advanced (use Microsoft Office, including Excel & Powerpoint and set up new equipment, etc)","Yes","No","No, I don't need additional services",-96.686720127195,34.77562818337
"Wilson","10c9c83cfc4a71d4242562ccb34c97fe","Wilson","NC","27893","35-44","Black or African American","Female","Employed","High School/GED","Cybersecurity Essentials  (https://www.netacad.com/courses/cybersecurity), Networking Essentials (https://www.netacad.com/courses/networking)","Case Manager recommended","All of it","Personal Growth, Add to my resume, Get a new or better job, Help start my own business","Yes","Yes","Advanced (use Microsoft Office, including Excel & Powerpoint and set up new equipment, etc)","Yes","No","Information about other training programs",-77.969814648125,35.755680111433
"Wilson","6772807a5ce593cbd2e35cec631a8027","Wilson","NC","27896","25-34","White","Male","Employed","High School/GED","Networking Essentials (https://www.netacad.com/courses/networking)","Increase my skills, Get a new or better job","All of it","Add to my resume, Get a new or better job","Yes","Yes","Advanced (use Microsoft Office, including Excel & Powerpoint and set up new equipment, etc)","Yes","No","Referrals to job opportunities, Resume assistance, Job seeking skills training, Practice interviewing, Information about other training programs",-77.972819627753,35.756558165098
"Ada","40ba90d317185d1ac047215fd828f230","Ada","OK","74820","45-54","Prefer not to say","Male","Employed","Undergraduate","Cybersecurity Essentials  (https://www.netacad.com/courses/cybersecurity)","Increase my skills","Hands on- I can work at my own schedule","Personal Growth, Add to my resume","Yes","Yes","Advanced (use Microsoft Office, including Excel & Powerpoint and set up new equipment, etc)","Yes","No","Information about other training programs",NA,NA
"Wilson","be627bbf9786e51916cb9ec1e56cd500","Wilson","NC","27893","35-44","White","Male","Unemployed","High School/GED","Cybersecurity Essentials  (https://www.netacad.com/courses/cybersecurity), Networking Essentials (https://www.netacad.com/courses/networking)","Increase my skills","Hands on- I can work at my own schedule","Personal Growth, Add to my resume, Help start my own business","Yes","Yes","Advanced (use Microsoft Office, including Excel & Powerpoint and set up new equipment, etc)","Yes","No","Information about other training programs",NA,NA
"Traverse City","e8470a89d19b321f02c973d6172ddd08","Traverse","MI","49685","25-34","White","Female","Employed","Undergraduate","Cybersecurity Essentials  (https://www.netacad.com/courses/cybersecurity), Networking Essentials (https://www.netacad.com/courses/networking)","Increase my skills","All of it","Personal Growth, Add to my resume","Yes","Yes","Advanced (use Microsoft Office, including Excel & Powerpoint and set up new equipment, etc)","Yes","No","Referrals to job opportunities, Resume assistance, Information about other training programs",-85.636372700213,44.716212885828
"Traverse City","d6e2e0a14131e4ab8df5bcd8c4c870e6","Walker","MI","49544","25-34","White","Male","Employed","High School/GED","Networking Essentials (https://www.netacad.com/courses/networking)","Increase my skills","All of it","Personal Growth, Add to my resume","Yes","Yes","Advanced (use Microsoft Office, including Excel & Powerpoint and set up new equipment, etc)","Yes","No","Job seeking skills training, Information about other training programs",-85.701881900726,43.017742043343
"Traverse City","ca90ff3752c93306a1fba721542f5e6b","Flint","MI","48505","35-44","Black or African American","Female","Unemployed","High School/GED","Cybersecurity Essentials  (https://www.netacad.com/courses/cybersecurity), Networking Essentials (https://www.netacad.com/courses/networking)","Increase my skills, Get a new or better job, Start my own business","All of it","Personal Growth, Add to my resume, Get a new or better job, Help start my own business","Yes","Yes","Average (can do email, shop online, search for information, use Word)","Yes","No","Referrals to job opportunities, Resume assistance, Job seeking skills training, Information about other training programs",-83.699545180371,43.074580277538
"Taos","4fec1984654459686e6b1b287259b49c","Taos","NM","87571","45-54","American Indian or Alaska Native","Female","Employed","Undergraduate","Cybersecurity Essentials  (https://www.netacad.com/courses/cybersecurity), Networking Essentials (https://www.netacad.com/courses/networking)","Get a new or better job","All of it","Personal Growth, Add to my resume, Get a new or better job, Help start my own business","Yes","Yes","Advanced (use Microsoft Office, including Excel & Powerpoint and set up new equipment, etc)","Yes","No","Referrals to job opportunities, Resume assistance, Job seeking skills training",NA,NA
"Portsmouth","b23b346e70b456537801038f8a1fc371","Portsmouth","OH","45662","35-44","White","Female","Employed","Undergraduate","Cybersecurity Essentials  (https://www.netacad.com/courses/cybersecurity), Networking Essentials (https://www.netacad.com/courses/networking)","Increase my skills, Get a new or better job","Hands on- I can work at my own schedule","Personal Growth, Add to my resume, Get a new or better job","Yes","Yes","Above Average (use Microsoft Office, including Excel & Powerpoint)","Yes","No","Referrals to job opportunities, Resume assistance",-82.948771191579,38.744993026007
"Traverse City","903f01be7fd32d20177ea1ba7cf735c5","Traverse City","MI","49684","25-34","Black or African American","Male","Student","Undergraduate","Cybersecurity Essentials  (https://www.netacad.com/courses/cybersecurity)","Increase my skills, Get a new or better job, Start my own business","All of it, Hands on- I can work at my own schedule","Personal Growth, Add to my resume, Get a new or better job, Help start my own business","Yes","Yes","Advanced (use Microsoft Office, including Excel & Powerpoint and set up new equipment, etc)","Yes","No","Referrals to job opportunities, Resume assistance, Job seeking skills training, Information about other training programs",-85.635545147578,44.745111142448
"Taos","234f5facc2c75447581254b21a104b9f","Taos","NM","87571","25-34","White","Male","Employed","High School/GED","Cybersecurity Essentials  (https://www.netacad.com/courses/cybersecurity), Networking Essentials (https://www.netacad.com/courses/networking)","Increase my skills","Hands on- I can work at my own schedule","Personal Growth, Add to my resume, Get a new or better job, I don't know","Yes","Yes","Above Average (use Microsoft Office, including Excel & Powerpoint)","Yes","No","Information about other training programs",-105.600757710625,36.389629235899
"Independence","42e527ff2f8914c8f5df2e8027f8ac72","Graham","WA","98338","35-44","Prefer not to say","Prefer not to say","Employed","Postgraduate","Cybersecurity Essentials  (https://www.netacad.com/courses/cybersecurity), Networking Essentials (https://www.netacad.com/courses/networking)","Increase my skills, Get a new or better job, Start my own business","All of it, Hands on- I can work at my own schedule","Personal Growth, Add to my resume, Get a new or better job, Help start my own business","Yes","Yes","Advanced (use Microsoft Office, including Excel & Powerpoint and set up new equipment, etc)","Yes","No","Referrals to job opportunities, Resume assistance, Job seeking skills training, Practice interviewing, Information about other training programs",-122.279751425828,47.066334964836
"Taos","7c7fec880fae415518b847ab9d370819","","NM","87513","25-34","American Indian or Alaska Native","Female","Student","High School/GED","Cybersecurity Essentials  (https://www.netacad.com/courses/cybersecurity)","Increase my skills","All of it, Hands on- I can work at my own schedule","Personal Growth, Add to my resume","Yes","Yes","None","Yes","No","Referrals to job opportunities, Job seeking skills training, Practice interviewing, Information about other training programs",-105.631088237728,36.5774360297487
"Traverse City","01a9581e43aed6079e6f1bb98a03017e","","MI","49684","25-34","White","Male","Employed","High School/GED","Cybersecurity Essentials  (https://www.netacad.com/courses/cybersecurity)","Increase my skills, Get a new or better job","All of it","Personal Growth, Add to my resume, Get a new or better job","Yes","Not at this time","Average (can do email, shop online, search for information, use Word)","Yes","No","Referrals to job opportunities, Resume assistance, Job seeking skills training, Practice interviewing, Information about other training programs",-85.668081742295,44.856569182623
"Traverse City","9b6241b147ab3b3f7210a40de1ef8386","saginaw","MI","48602","18-24","Black or African American","Male","Unemployed","High School/GED","Cybersecurity Essentials  (https://www.netacad.com/courses/cybersecurity), Networking Essentials (https://www.netacad.com/courses/networking)","Increase my skills, Get a new or better job, Start my own business, Case Manager recommended","All of it","Personal Growth, Add to my resume, Get a new or better job","Yes","Yes","Advanced (use Microsoft Office, including Excel & Powerpoint and set up new equipment, etc)","Yes","No","Referrals to job opportunities, Resume assistance, Job seeking skills training, Practice interviewing, Information about other training programs",-83.951831613667,43.428193168543
