"rin_community","cisco_id","locality","region_a","zip_code","Age group","Ethnicity","Gender identity","Employment status","Highest education level","Which certificate(s) are you most interested in?","Why do you want to complete this certificate training? Select all that apply.","Which part of the training do you think will be the most valuable? Select all that apply.","How will the skills you learn benefit you? Select all that apply.","Are you able to commit 10-15 hours per week for this training?","Do you feel you will be able to complete your certification program by Sept. 30, 2024?","This training is online. Please rate your personal computer skills.","Do you have access to a laptop, tablet or personal computer?","If no, will you need assistance finding computer access locations?","After completion of the course, which wrap-around supports will you need?","cisco_certifcation_path.x","cisco_course_current.x","Checkpoint Exam: Build a Small Network","Checkpoint Exam: Network Access","Checkpoint Exam: The Internet Protocol","Checkpoint Exam: Communication Between Networks","Checkpoint Exam: Protocols for Specific Tasks","Checkpoint Exam: Characteristics of Network Design","Checkpoint Exam: Network Addressing","Checkpoint Exam: ARP, DNS, DHCP and the Transport Layer","Checkpoint Exam: Configure Cisco Devices","Checkpoint Exam: Physical, Data Link, and Network Layers","Checkpoint Exam: IP Addressing","Checkpoint Exam: Cisco Devices and Troubleshooting Network Issues","Module 37: Assessment Quiz","Module 38: Assessment Quiz","Module 39: Assessment Quiz","Networking Essentials: Course Final Exam","Networking Essentials: Assessment( Average )","Networking Essentials: Class Grade","cisco_certifcation_path.y","cisco_course_current.y","Checkpoint Exam: Network Security","Checkpoint Exam: OS and Endpoint Security","Checkpoint Exam: Principles, Practices, and Processes of Network Defense","Checkpoint Exam: Firewalls, Cryptography, and Cloud Security.","Checkpoint Exam: Evaluating Security Alerts","Checkpoint Exam: Vulnerability Assessment and Risk Management","Checkpoint Exam: Incident Response","Cybersecurity Essentials: Course Final Exam","Cybersecurity Essentials: Assessment( Average )","Cybersecurity Essentials: Class Grade","submitted_app_form","enrolled_in_first_course","completed_first_course","completed_networking_course","completed_cybersecurity_course","received_voucher","enrolled_in_follow_up_course","completed_follow_up_course","lon","lat","18_24","25_34","35_44","45_54","55","american_indian_or_alaska_native","asian","black_or_african_american","prefer_not_to_say","white","female","male","non_binary","increase_my_skills","get_a_new_or_better_job","start_my_own_business","case_manager_recommended","i_don_t_know"
"Pryor Creek","097647b80dd57b7c5c79d7341029e5e5","Oaks","OK","74820","25-34","White","Male","Unemployed","Undergraduate","Cybersecurity Essentials  (https://www.netacad.com/courses/cybersecurity), Networking Essentials (https://www.netacad.com/courses/networking)","Increase my skills, Get a new or better job","All of it","Personal Growth, Add to my resume, Get a new or better job","Yes","Yes","Above Average (use Microsoft Office, including Excel & Powerpoint)","Yes","Yes","Job seeking skills training, Practice interviewing","Cisco Certified Support Technician (CCST) Networking","CCNA: Introduction to Networks",95,90,85,85,80,100,86,95,90,86,93,100,100,93,100,80,91.12,91.12,"Cisco Certified Support Technician (CCST) Cybersecurity","Introduction to Cybersecurity",96,100,100,96,100,96,100,83,96.38,96.38,TRUE,TRUE,TRUE,TRUE,TRUE,FALSE,FALSE,FALSE,-94.8526,36.1692,FALSE,TRUE,FALSE,FALSE,FALSE,FALSE,FALSE,FALSE,FALSE,FALSE,FALSE,TRUE,FALSE,TRUE,TRUE,FALSE,FALSE,FALSE
"Rutland","ab9f81949328c5bf3f38c7118887fd51","Mendon","VT","05701","45-54","Prefer not to say","Male","Unemployed","Undergraduate","Introduction to Cybersecurity (https://www.netacad.com/courses/cybersecurity)","Get a new or better job, Start my own business","All of it","Get a new or better job, Help start my own business","Yes","Yes","Above Average (use Microsoft Office, including Excel & Powerpoint)","Yes","No","Referrals to job opportunities, Resume assistance, Job seeking skills training, Practice interviewing",NA,NA,NA,NA,NA,NA,NA,NA,NA,NA,NA,NA,NA,NA,NA,NA,NA,NA,NA,NA,"Cisco Certified Support Technician (CCST) Cybersecurity","Introduction to Cybersecurity",NA,NA,NA,NA,NA,NA,NA,NA,0,0,TRUE,TRUE,FALSE,FALSE,FALSE,FALSE,FALSE,FALSE,-72.9471,43.622,FALSE,FALSE,FALSE,TRUE,FALSE,FALSE,FALSE,FALSE,TRUE,FALSE,FALSE,TRUE,FALSE,FALSE,TRUE,TRUE,FALSE,FALSE
"Wilson","3c19baac7ac60e7a29d29d2a1cdffb23","Wilson","NC","27893","35-44","Black or African American","Female","Employed","High School/GED","Cybersecurity Essentials  (https://www.netacad.com/courses/cybersecurity), Networking Essentials (https://www.netacad.com/courses/networking)","Increase my skills, Get a new or better job","All of it","Personal Growth, Add to my resume, Get a new or better job","Yes","Yes","Advanced (use Microsoft Office, including Excel & Powerpoint and set up new equipment, etc)","Yes","No","Referrals to job opportunities","Cisco Certified Support Technician (CCST) Networking","CCNA: Introduction to Networks",NA,NA,NA,NA,NA,NA,NA,NA,NA,NA,NA,NA,NA,NA,NA,NA,0,0,NA,NA,NA,NA,NA,NA,NA,NA,NA,NA,NA,NA,TRUE,TRUE,FALSE,FALSE,FALSE,FALSE,FALSE,FALSE,-77.8952,35.7215,FALSE,FALSE,TRUE,FALSE,FALSE,FALSE,FALSE,TRUE,FALSE,FALSE,TRUE,FALSE,FALSE,TRUE,TRUE,FALSE,FALSE,FALSE
"Traverse City","31ab9a9685866d355458dc6b2de6a6c4","Traverse City","MI","49686","35-44","Black or African American","Male","Employed","Undergraduate","Cybersecurity Essentials  (https://www.netacad.com/courses/cybersecurity)","Increase my skills, Get a new or better job","All of it, Hands on- I can work at my own schedule","Personal Growth, Add to my resume, Get a new or better job","Yes","Yes","Above Average (use Microsoft Office, including Excel & Powerpoint)","Yes","No","Referrals to job opportunities, Resume assistance, Job seeking skills training, Practice interviewing, Information about other training programs",NA,NA,NA,NA,NA,NA,NA,NA,NA,NA,NA,NA,NA,NA,NA,NA,NA,NA,NA,NA,"Cisco Certified Support Technician (CCST) Cybersecurity","Introduction to Cybersecurity",71,NA,NA,NA,NA,NA,NA,NA,8.88,8.88,TRUE,TRUE,FALSE,FALSE,FALSE,FALSE,FALSE,FALSE,-85.5885,44.7634,FALSE,FALSE,TRUE,FALSE,FALSE,FALSE,FALSE,TRUE,FALSE,FALSE,FALSE,TRUE,FALSE,TRUE,TRUE,FALSE,FALSE,FALSE
"Traverse City","8682a15be5807bb32bb4069f0e386885","Reed City","MI","49677","18-24","White","Male","Employed","High School/GED","Cybersecurity Essentials  (https://www.netacad.com/courses/cybersecurity)","Increase my skills","All of it, Hands on- I can work at my own schedule","Personal Growth, Add to my resume, Get a new or better job","Yes","Yes","Advanced (use Microsoft Office, including Excel & Powerpoint and set up new equipment, etc)","Yes","No","Information about other training programs",NA,NA,NA,NA,NA,NA,NA,NA,NA,NA,NA,NA,NA,NA,NA,NA,NA,NA,NA,NA,"Cisco Certified Support Technician (CCST) Cybersecurity","Introduction to Cybersecurity",NA,NA,NA,NA,NA,NA,NA,NA,0,0,TRUE,TRUE,FALSE,FALSE,FALSE,FALSE,FALSE,FALSE,-85.5103,43.8731,TRUE,FALSE,FALSE,FALSE,FALSE,FALSE,FALSE,FALSE,FALSE,FALSE,FALSE,TRUE,FALSE,TRUE,FALSE,FALSE,FALSE,FALSE
"Wilson","c74c21682508ab6ef1c67f7df538f4a9","Wilson","NC","27896","35-44","Black or African American","Female","Employed","Postgraduate","Cybersecurity Essentials  (https://www.netacad.com/courses/cybersecurity)","Increase my skills, Get a new or better job","All of it","Personal Growth, Add to my resume, Get a new or better job","Yes","Yes","Above Average (use Microsoft Office, including Excel & Powerpoint)","Yes","No","Referrals to job opportunities, Resume assistance, Job seeking skills training, Practice interviewing, Information about other training programs",NA,NA,NA,NA,NA,NA,NA,NA,NA,NA,NA,NA,NA,NA,NA,NA,NA,NA,NA,NA,"Cisco Certified Support Technician (CCST) Cybersecurity","Introduction to Cybersecurity",NA,NA,NA,NA,NA,NA,NA,NA,0,0,TRUE,TRUE,FALSE,FALSE,FALSE,FALSE,FALSE,FALSE,-77.9488,35.7612,FALSE,FALSE,TRUE,FALSE,FALSE,FALSE,FALSE,TRUE,FALSE,FALSE,TRUE,FALSE,FALSE,TRUE,TRUE,FALSE,FALSE,FALSE
"Wilson","fecf42df6529e58116c705f6206167a0","Kenly","NC","27542","25-34","White","Male","Employed","High School/GED","Networking Essentials (https://www.netacad.com/courses/networking)","Increase my skills, Get a new or better job","All of it","Personal Growth, Add to my resume, Get a new or better job","Yes","Yes","Advanced (use Microsoft Office, including Excel & Powerpoint and set up new equipment, etc)","Yes","No","Information about other training programs","Cisco Certified Support Technician (CCST) Networking","CCNA: Introduction to Networks",95,81,100,100,90,100,86,95,100,100,100,100,100,100,100,83,95.62,95.62,NA,NA,NA,NA,NA,NA,NA,NA,NA,NA,NA,NA,TRUE,TRUE,TRUE,TRUE,FALSE,FALSE,FALSE,FALSE,-78.0848,35.6817,FALSE,TRUE,FALSE,FALSE,FALSE,FALSE,FALSE,FALSE,FALSE,FALSE,FALSE,TRUE,FALSE,TRUE,TRUE,FALSE,FALSE,FALSE
"Wilson","7eb32797b4656a5ddf34b2f8432649de","Wilson","NC","27893","25-34","Black or African American","Female","Employed","Undergraduate","Networking Essentials (https://www.netacad.com/courses/networking)","Increase my skills, Get a new or better job","All of it","Personal Growth, Add to my resume, Get a new or better job","Yes","Yes","Above Average (use Microsoft Office, including Excel & Powerpoint)","Yes","No","Referrals to job opportunities, Resume assistance, Job seeking skills training, Practice interviewing","Cisco Certified Support Technician (CCST) Networking","CCNA: Introduction to Networks",NA,NA,NA,NA,NA,NA,NA,NA,NA,NA,NA,NA,NA,NA,NA,NA,0,0,NA,NA,NA,NA,NA,NA,NA,NA,NA,NA,NA,NA,TRUE,TRUE,FALSE,FALSE,FALSE,FALSE,FALSE,FALSE,-77.9423,35.7239,FALSE,TRUE,FALSE,FALSE,FALSE,FALSE,FALSE,TRUE,FALSE,FALSE,TRUE,FALSE,FALSE,TRUE,TRUE,FALSE,FALSE,FALSE
"Manitowoc","ad93d3ba40c3f1545afe6b3c272b30cc","Muskegon","MI","49444","25-34","Prefer not to say","Male","Employed","Graduate","Networking Essentials (https://www.netacad.com/courses/networking)","Increase my skills","All of it","Personal Growth, Add to my resume","Not at this time","Not at this time","Advanced (use Microsoft Office, including Excel & Powerpoint and set up new equipment, etc)","Yes","No","No, I don't need additional services","Cisco Certified Support Technician (CCST) Networking","CCNA: Introduction to Networks",85,71,80,85,85,90,86,95,81,86,87,85,93,93,87,73,85.12,85.12,NA,NA,NA,NA,NA,NA,NA,NA,NA,NA,NA,NA,TRUE,TRUE,TRUE,TRUE,FALSE,FALSE,FALSE,FALSE,-86.2346,43.2337,FALSE,TRUE,FALSE,FALSE,FALSE,FALSE,FALSE,FALSE,TRUE,FALSE,FALSE,TRUE,FALSE,TRUE,FALSE,FALSE,FALSE,FALSE
"Aberdeen","24949558fcfb86c02fa461304249dc34","Aberdeen","SD","57401","45-54","White","Male","Employed","High School/GED","Cybersecurity Essentials  (https://www.netacad.com/courses/cybersecurity), Networking Essentials (https://www.netacad.com/courses/networking)","Increase my skills, Start my own business","All of it, Hands on- I can work at my own schedule","Personal Growth, Add to my resume, Help start my own business","Yes","Yes","Advanced (use Microsoft Office, including Excel & Powerpoint and set up new equipment, etc)","Yes","Yes","Resume assistance, Information about other training programs","Cisco Certified Support Technician (CCST) Networking","CCNA: Introduction to Networks",85,NA,NA,NA,NA,NA,NA,NA,NA,NA,NA,NA,NA,NA,NA,NA,5.31,5.31,NA,NA,NA,NA,NA,NA,NA,NA,NA,NA,NA,NA,TRUE,TRUE,FALSE,FALSE,FALSE,FALSE,FALSE,FALSE,-98.4662,45.4535,FALSE,FALSE,FALSE,TRUE,FALSE,FALSE,FALSE,FALSE,FALSE,FALSE,FALSE,TRUE,FALSE,TRUE,FALSE,TRUE,FALSE,FALSE
"Portsmouth","95758dc2da44ebb93edee086f1461d8b","Portsmouth","OH","45662","18-24","White","Male","Unemployed","High School/GED","Introduction to Cybersecurity (https://www.netacad.com/courses/cybersecurity)","Increase my skills, Get a new or better job","All of it","Personal Growth, Add to my resume, Get a new or better job","Yes","Yes","Above Average (use Microsoft Office, including Excel & Powerpoint)","Yes","No","Referrals to job opportunities, Job seeking skills training, Information about other training programs",NA,NA,NA,NA,NA,NA,NA,NA,NA,NA,NA,NA,NA,NA,NA,NA,NA,NA,NA,NA,"Cisco Certified Support Technician (CCST) Cybersecurity","Introduction to Cybersecurity",NA,NA,NA,NA,NA,NA,NA,NA,0,0,TRUE,TRUE,FALSE,FALSE,FALSE,FALSE,FALSE,FALSE,-82.979,38.7311,TRUE,FALSE,FALSE,FALSE,FALSE,FALSE,FALSE,FALSE,FALSE,FALSE,FALSE,TRUE,FALSE,TRUE,TRUE,FALSE,FALSE,FALSE
"Ada","c2604a0577d8e4532b31c4dfb4c3cc7d","Ada","OK","74820","25-34","White","Male","Employed","Undergraduate","Cybersecurity Essentials  (https://www.netacad.com/courses/cybersecurity), Networking Essentials (https://www.netacad.com/courses/networking)","Increase my skills","All of it, Hands on- I can work at my own schedule","Personal Growth","Yes","Yes","Advanced (use Microsoft Office, including Excel & Powerpoint and set up new equipment, etc)","Yes","No","Information about other training programs","Cisco Certified Support Technician (CCST) Networking","CCNA: Introduction to Networks",100,81,85,85,95,95,71,90,86,86,100,90,93,80,93,82,88.25,88.25,"Cisco Certified Support Technician (CCST) Cybersecurity","Introduction to Cybersecurity",92,96,75,96,96,92,95,92,91.75,91.75,TRUE,TRUE,TRUE,TRUE,TRUE,FALSE,FALSE,FALSE,-96.6786,34.8066,FALSE,TRUE,FALSE,FALSE,FALSE,FALSE,FALSE,FALSE,FALSE,FALSE,FALSE,TRUE,FALSE,TRUE,FALSE,FALSE,FALSE,FALSE
"Chambers County","92c3113d54908de125b528807583127d","Fayette","AL","36862","35-44","Black or African American","Female","Employed","Graduate","Introduction to Cybersecurity (https://www.netacad.com/courses/cybersecurity)","Increase my skills, Get a new or better job","Hands on- I can work at my own schedule","Personal Growth, Add to my resume, Get a new or better job","Yes","Yes","Above Average (use Microsoft Office, including Excel & Powerpoint)","Yes","No","Referrals to job opportunities, Resume assistance, Information about other training programs",NA,NA,NA,NA,NA,NA,NA,NA,NA,NA,NA,NA,NA,NA,NA,NA,NA,NA,NA,NA,"Cisco Certified Support Technician (CCST) Cybersecurity","Introduction to Cybersecurity",NA,NA,NA,NA,NA,NA,NA,NA,0,0,TRUE,TRUE,FALSE,FALSE,FALSE,FALSE,FALSE,FALSE,-87.8311,33.6954,FALSE,FALSE,TRUE,FALSE,FALSE,FALSE,FALSE,TRUE,FALSE,FALSE,TRUE,FALSE,FALSE,TRUE,TRUE,FALSE,FALSE,FALSE
"Chambers County","2fdb40f318c0ee123f16cb930d348635","Camp Hill","AL","36850","25-34","Black or African American","Female","Employed","Undergraduate","Introduction to Cybersecurity (https://www.netacad.com/courses/cybersecurity), CCNA 7: Introduction to Networks (https://www.netacad.com/courses/networking)","Increase my skills, Get a new or better job","All of it","Personal Growth, Add to my resume, Get a new or better job","Yes","Yes","Above Average (use Microsoft Office, including Excel & Powerpoint)","Yes","No","Referrals to job opportunities, Job seeking skills training, Information about other training programs",NA,NA,NA,NA,NA,NA,NA,NA,NA,NA,NA,NA,NA,NA,NA,NA,NA,NA,NA,NA,"Cisco Certified Support Technician (CCST) Cybersecurity","Introduction to Cybersecurity",NA,NA,NA,NA,NA,NA,NA,NA,0,0,TRUE,TRUE,FALSE,FALSE,FALSE,FALSE,FALSE,FALSE,-85.6536,32.8003,FALSE,TRUE,FALSE,FALSE,FALSE,FALSE,FALSE,TRUE,FALSE,FALSE,TRUE,FALSE,FALSE,TRUE,TRUE,FALSE,FALSE,FALSE
"Portsmouth","4008fb9560ecdcde088f3c40549d0efa","Portsmouth","OH","45662","25-34","Black or African American","Female","Employed","High School/GED","Cybersecurity Essentials  (https://www.netacad.com/courses/cybersecurity), Networking Essentials (https://www.netacad.com/courses/networking)","Increase my skills, Get a new or better job","All of it, Hands on- I can work at my own schedule","Personal Growth, Add to my resume, Get a new or better job","Yes","Yes","Advanced (use Microsoft Office, including Excel & Powerpoint and set up new equipment, etc)","Yes","No","Referrals to job opportunities, Resume assistance, Job seeking skills training, Information about other training programs","Cisco Certified Support Technician (CCST) Networking","CCNA: Introduction to Networks",NA,NA,NA,NA,NA,NA,NA,NA,NA,NA,NA,NA,NA,NA,NA,NA,0,0,"Cisco Certified Support Technician (CCST) Cybersecurity","Introduction to Cybersecurity",NA,NA,NA,NA,NA,NA,NA,NA,0,0,TRUE,TRUE,FALSE,FALSE,FALSE,FALSE,FALSE,FALSE,-82.9694,38.7441,FALSE,TRUE,FALSE,FALSE,FALSE,FALSE,FALSE,TRUE,FALSE,FALSE,TRUE,FALSE,FALSE,TRUE,TRUE,FALSE,FALSE,FALSE
"Traverse City","b4a2791d4d4f3fd0903d09a8c4f459b1","Kentwood","MI","49548","25-34","White","Male","Employed","High School/GED","Networking Essentials (https://www.netacad.com/courses/networking)","Increase my skills","All of it","Personal Growth, Add to my resume","Yes","Yes","Advanced (use Microsoft Office, including Excel & Powerpoint and set up new equipment, etc)","Yes","No","Information about other training programs","Cisco Certified Support Technician (CCST) Networking","CCNA: Introduction to Networks",NA,NA,NA,NA,NA,NA,NA,NA,NA,NA,NA,NA,NA,NA,NA,NA,0,0,NA,NA,NA,NA,NA,NA,NA,NA,NA,NA,NA,NA,TRUE,TRUE,FALSE,FALSE,FALSE,FALSE,FALSE,FALSE,-85.5776,42.8835,FALSE,TRUE,FALSE,FALSE,FALSE,FALSE,FALSE,FALSE,FALSE,FALSE,FALSE,TRUE,FALSE,TRUE,FALSE,FALSE,FALSE,FALSE
"Portsmouth","cca2f8e9392040d760e0f805325b0765","Akron","OH","44310","35-44","White","Male","Employed","Graduate","Cybersecurity Essentials  (https://www.netacad.com/courses/cybersecurity), Networking Essentials (https://www.netacad.com/courses/networking)","Increase my skills","All of it","Personal Growth, Add to my resume","Yes","Yes","Advanced (use Microsoft Office, including Excel & Powerpoint and set up new equipment, etc)","Yes","No","No, I don't need additional services","Cisco Certified Support Technician (CCST) Networking","CCNA: Introduction to Networks",95,76,95,90,85,86,86,71,86,90,73,75,80,93,93,70,84,84,"Cisco Certified Support Technician (CCST) Cybersecurity","Introduction to Cybersecurity",NA,NA,NA,NA,NA,NA,NA,NA,0,0,TRUE,TRUE,TRUE,TRUE,FALSE,FALSE,FALSE,FALSE,-81.4946,41.0972,FALSE,FALSE,TRUE,FALSE,FALSE,FALSE,FALSE,FALSE,FALSE,FALSE,FALSE,TRUE,FALSE,TRUE,FALSE,FALSE,FALSE,FALSE
"Traverse City","27c5736f1daa7d20b0df524cc96eccf0","Boon","MI","49618","35-44","White","Female","Unemployed","High School/GED","Cybersecurity Essentials  (https://www.netacad.com/courses/cybersecurity), Networking Essentials (https://www.netacad.com/courses/networking)","Increase my skills, Get a new or better job, Start my own business","All of it","Personal Growth, Add to my resume, Get a new or better job","Yes","Yes","Advanced (use Microsoft Office, including Excel & Powerpoint and set up new equipment, etc)","No","No","Referrals to job opportunities, Resume assistance, Job seeking skills training, Practice interviewing, Information about other training programs","Cisco Certified Support Technician (CCST) Networking","CCNA: Introduction to Networks",80,NA,NA,NA,NA,NA,NA,NA,NA,NA,NA,NA,NA,NA,NA,NA,5,5,"Cisco Certified Support Technician (CCST) Cybersecurity","Introduction to Cybersecurity",NA,NA,NA,NA,NA,NA,NA,NA,0,0,TRUE,TRUE,FALSE,FALSE,FALSE,FALSE,FALSE,FALSE,-85.6076,44.2935,FALSE,FALSE,TRUE,FALSE,FALSE,FALSE,FALSE,FALSE,FALSE,FALSE,TRUE,FALSE,FALSE,TRUE,TRUE,TRUE,FALSE,FALSE
"Traverse City","9a62b296c42f860851cdf85252827298","Traverse City","MI","49686","18-24","White","Male","Employed","Undergraduate","Cybersecurity Essentials  (https://www.netacad.com/courses/cybersecurity), Networking Essentials (https://www.netacad.com/courses/networking)","Increase my skills, Get a new or better job, Start my own business","All of it","Personal Growth, Add to my resume, Get a new or better job, Help start my own business","Yes","Yes","Advanced (use Microsoft Office, including Excel & Powerpoint and set up new equipment, etc)","Yes","No","Referrals to job opportunities, Resume assistance, Job seeking skills training","Cisco Certified Support Technician (CCST) Networking","CCNA: Introduction to Networks",NA,NA,NA,NA,NA,NA,NA,NA,NA,NA,NA,NA,NA,NA,NA,NA,0,0,NA,NA,NA,NA,NA,NA,NA,NA,NA,NA,NA,NA,TRUE,TRUE,FALSE,FALSE,FALSE,FALSE,FALSE,FALSE,-85.5903,44.7556,TRUE,FALSE,FALSE,FALSE,FALSE,FALSE,FALSE,FALSE,FALSE,FALSE,FALSE,TRUE,FALSE,TRUE,TRUE,TRUE,FALSE,FALSE
"Ada","92f1021639f06b0d176971f81a78df54","Ada","OK","74820","18-24","American Indian or Alaska Native","Male","Student","Undergraduate","Cybersecurity Essentials  (https://www.netacad.com/courses/cybersecurity), Networking Essentials (https://www.netacad.com/courses/networking)","Increase my skills, Get a new or better job, Start my own business","All of it","Personal Growth, Add to my resume, Get a new or better job, Help start my own business","Not at this time","Yes","Advanced (use Microsoft Office, including Excel & Powerpoint and set up new equipment, etc)","Yes","No","Referrals to job opportunities, Resume assistance, Job seeking skills training, Practice interviewing, Information about other training programs","Cisco Certified Support Technician (CCST) Networking","CCNA: Introduction to Networks",NA,NA,NA,NA,NA,NA,NA,NA,NA,NA,NA,NA,NA,NA,NA,NA,0,0,"Cisco Certified Support Technician (CCST) Cybersecurity","Introduction to Cybersecurity",NA,NA,NA,NA,NA,NA,NA,NA,0,0,TRUE,TRUE,FALSE,FALSE,FALSE,FALSE,FALSE,FALSE,-96.6786,34.8066,TRUE,FALSE,FALSE,FALSE,FALSE,TRUE,FALSE,FALSE,FALSE,FALSE,FALSE,TRUE,FALSE,TRUE,TRUE,TRUE,FALSE,FALSE
"Ada","8659299f7636cd77dab6f31cddf7241c","Ada","OK","74820","18-24","White","Male","Employed","Undergraduate","Cybersecurity Essentials  (https://www.netacad.com/courses/cybersecurity), Networking Essentials (https://www.netacad.com/courses/networking)","Increase my skills","All of it","Personal Growth","Yes","Yes","Advanced (use Microsoft Office, including Excel & Powerpoint and set up new equipment, etc)","Yes","No","No, I don't need additional services","Cisco Certified Support Technician (CCST) Networking","CCNA: Introduction to Networks",NA,NA,NA,NA,NA,NA,NA,NA,NA,NA,NA,NA,NA,NA,NA,NA,0,0,"Cisco Certified Support Technician (CCST) Cybersecurity","Introduction to Cybersecurity",NA,NA,NA,NA,NA,NA,NA,NA,0,0,TRUE,TRUE,FALSE,FALSE,FALSE,FALSE,FALSE,FALSE,-96.6867,34.7756,TRUE,FALSE,FALSE,FALSE,FALSE,FALSE,FALSE,FALSE,FALSE,FALSE,FALSE,TRUE,FALSE,TRUE,FALSE,FALSE,FALSE,FALSE
"Traverse City","5ffb97998616f75873a179452b5a45f7","Kingsley","MI","49649","35-44","White","Male","Employed","Undergraduate","Cybersecurity Essentials  (https://www.netacad.com/courses/cybersecurity), Networking Essentials (https://www.netacad.com/courses/networking)","Increase my skills, Get a new or better job, Start my own business","All of it","Personal Growth, Add to my resume, Get a new or better job, Help start my own business","Yes","Yes","Advanced (use Microsoft Office, including Excel & Powerpoint and set up new equipment, etc)","Yes","No","Referrals to job opportunities, Information about other training programs","Cisco Certified Support Technician (CCST) Networking","CCNA: Introduction to Networks",100,76,70,85,90,95,81,NA,NA,NA,NA,NA,NA,NA,NA,NA,37.31,37.31,"Cisco Certified Support Technician (CCST) Cybersecurity","Introduction to Cybersecurity",NA,NA,NA,NA,NA,NA,NA,NA,0,0,TRUE,TRUE,FALSE,FALSE,FALSE,FALSE,FALSE,FALSE,-85.5422,44.5777,FALSE,FALSE,TRUE,FALSE,FALSE,FALSE,FALSE,FALSE,FALSE,FALSE,FALSE,TRUE,FALSE,TRUE,TRUE,TRUE,FALSE,FALSE
"Wilson","7c21f59ab08adc0bbad849bd9b708443","Wilson","NC","27893","25-34","Black or African American","Male","Employed","High School/GED","Cybersecurity Essentials  (https://www.netacad.com/courses/cybersecurity)","Get a new or better job","All of it","Get a new or better job","Yes","Yes","Advanced (use Microsoft Office, including Excel & Powerpoint and set up new equipment, etc)","Yes","No","Referrals to job opportunities",NA,NA,NA,NA,NA,NA,NA,NA,NA,NA,NA,NA,NA,NA,NA,NA,NA,NA,NA,NA,"Cisco Certified Support Technician (CCST) Cybersecurity","Introduction to Cybersecurity",NA,NA,NA,NA,NA,NA,NA,NA,0,0,TRUE,TRUE,FALSE,FALSE,FALSE,FALSE,FALSE,FALSE,-77.9464,35.7341,FALSE,TRUE,FALSE,FALSE,FALSE,FALSE,FALSE,TRUE,FALSE,FALSE,FALSE,TRUE,FALSE,FALSE,TRUE,FALSE,FALSE,FALSE
"Wilson","e8753794cd3a57b18804a2f0ffcf59d0","Wilson","NC","27893","25-34","Black or African American","Female","Employed","Undergraduate","Cybersecurity Essentials  (https://www.netacad.com/courses/cybersecurity), Networking Essentials (https://www.netacad.com/courses/networking)","Increase my skills","All of it","Personal Growth, Add to my resume","Yes","Yes","Advanced (use Microsoft Office, including Excel & Powerpoint and set up new equipment, etc)","Yes","No","Information about other training programs","Cisco Certified Support Technician (CCST) Networking","CCNA: Introduction to Networks",NA,NA,NA,NA,NA,NA,NA,NA,NA,NA,NA,NA,NA,NA,NA,NA,0,0,"Cisco Certified Support Technician (CCST) Cybersecurity","Introduction to Cybersecurity",NA,NA,NA,NA,NA,NA,NA,NA,0,0,TRUE,TRUE,FALSE,FALSE,FALSE,FALSE,FALSE,FALSE,-77.9333,35.7172,FALSE,TRUE,FALSE,FALSE,FALSE,FALSE,FALSE,TRUE,FALSE,FALSE,TRUE,FALSE,FALSE,TRUE,FALSE,FALSE,FALSE,FALSE
"Traverse City","18eed1d049c24fcf3c0d4bd0b46eae52","Traverse City","MI","49686","25-34","White","Male","Employed","Undergraduate","Cybersecurity Essentials  (https://www.netacad.com/courses/cybersecurity)","Increase my skills","Hands on- I can work at my own schedule","Personal Growth, Add to my resume","Yes","Yes","Advanced (use Microsoft Office, including Excel & Powerpoint and set up new equipment, etc)","Yes","No","Information about other training programs, No, I don't need additional services",NA,NA,NA,NA,NA,NA,NA,NA,NA,NA,NA,NA,NA,NA,NA,NA,NA,NA,NA,NA,"Cisco Certified Support Technician (CCST) Cybersecurity","Introduction to Cybersecurity",NA,NA,NA,NA,NA,NA,NA,NA,0,0,TRUE,TRUE,FALSE,FALSE,FALSE,FALSE,FALSE,FALSE,-85.6133,44.7357,FALSE,TRUE,FALSE,FALSE,FALSE,FALSE,FALSE,FALSE,FALSE,FALSE,FALSE,TRUE,FALSE,TRUE,FALSE,FALSE,FALSE,FALSE
"Taos","f76d1c911b7999c4daebb3bd71e58d13","Taos","NM","87571","35-44","White","Male","Employed","Graduate","Cybersecurity Essentials  (https://www.netacad.com/courses/cybersecurity)","Increase my skills","All of it","Personal Growth","Yes","Yes","Advanced (use Microsoft Office, including Excel & Powerpoint and set up new equipment, etc)","Yes","No","Information about other training programs",NA,NA,NA,NA,NA,NA,NA,NA,NA,NA,NA,NA,NA,NA,NA,NA,NA,NA,NA,NA,"Cisco Certified Support Technician (CCST) Cybersecurity","Introduction to Cybersecurity",NA,NA,NA,NA,NA,NA,NA,NA,0,0,TRUE,TRUE,FALSE,FALSE,FALSE,FALSE,FALSE,FALSE,-105.5857,36.3818,FALSE,FALSE,TRUE,FALSE,FALSE,FALSE,FALSE,FALSE,FALSE,FALSE,FALSE,TRUE,FALSE,TRUE,FALSE,FALSE,FALSE,FALSE
"Traverse City","51ea95243654218de5789741bb74f8e8","Vanderbilt","MI","49795","25-34","White","Male","Employed","High School/GED","Networking Essentials (https://www.netacad.com/courses/networking)","Get a new or better job","Hands on- I can work at my own schedule, I don't know","Personal Growth, Add to my resume, Get a new or better job","Yes","Yes","Above Average (use Microsoft Office, including Excel & Powerpoint)","Yes","No","Referrals to job opportunities, Job seeking skills training, Information about other training programs","Cisco Certified Support Technician (CCST) Networking","CCNA: Introduction to Networks",NA,NA,NA,NA,NA,NA,NA,NA,NA,NA,NA,NA,NA,NA,NA,NA,0,0,NA,NA,NA,NA,NA,NA,NA,NA,NA,NA,NA,NA,TRUE,TRUE,FALSE,FALSE,FALSE,FALSE,FALSE,FALSE,-84.6633,45.1426,FALSE,TRUE,FALSE,FALSE,FALSE,FALSE,FALSE,FALSE,FALSE,FALSE,FALSE,TRUE,FALSE,FALSE,TRUE,FALSE,FALSE,FALSE
"Wilson","81698848d2bc296458d5ecda47eeaf15","Wilson","NC","27893","25-34","Black or African American","Male","Student","Undergraduate","Cybersecurity Essentials  (https://www.netacad.com/courses/cybersecurity), Networking Essentials (https://www.netacad.com/courses/networking)","Increase my skills, Get a new or better job, Start my own business","All of it","Personal Growth, Add to my resume, Get a new or better job, Help start my own business","Yes","Yes","Advanced (use Microsoft Office, including Excel & Powerpoint and set up new equipment, etc)","Yes","No","Referrals to job opportunities, Resume assistance","Cisco Certified Support Technician (CCST) Networking","CCNA: Introduction to Networks",NA,NA,NA,NA,NA,NA,NA,NA,NA,NA,NA,NA,NA,NA,NA,NA,0,0,"Cisco Certified Support Technician (CCST) Cybersecurity","Introduction to Cybersecurity",NA,NA,NA,NA,NA,NA,NA,NA,0,0,TRUE,TRUE,FALSE,FALSE,FALSE,FALSE,FALSE,FALSE,-77.9452,35.7075,FALSE,TRUE,FALSE,FALSE,FALSE,FALSE,FALSE,TRUE,FALSE,FALSE,FALSE,TRUE,FALSE,TRUE,TRUE,TRUE,FALSE,FALSE
"Ada","ac6d9eaa8f6540596cebe2bb5fb60cb8","Ada","OK","74820","45-54","White","Female","Employed","Graduate","Cybersecurity Essentials  (https://www.netacad.com/courses/cybersecurity), Networking Essentials (https://www.netacad.com/courses/networking)","Increase my skills","Hands on- I can work at my own schedule","Personal Growth, Add to my resume","Yes","Yes","Advanced (use Microsoft Office, including Excel & Powerpoint and set up new equipment, etc)","Yes","No","No, I don't need additional services",NA,NA,NA,NA,NA,NA,NA,NA,NA,NA,NA,NA,NA,NA,NA,NA,NA,NA,NA,NA,"Cisco Certified Support Technician (CCST) Cybersecurity","Introduction to Cybersecurity",NA,NA,NA,NA,NA,NA,NA,NA,0,0,TRUE,TRUE,FALSE,FALSE,FALSE,FALSE,FALSE,FALSE,-96.6831,34.7636,FALSE,FALSE,FALSE,TRUE,FALSE,FALSE,FALSE,FALSE,FALSE,FALSE,TRUE,FALSE,FALSE,TRUE,FALSE,FALSE,FALSE,FALSE
"Chambers County","64005a6d2a75e7df5d80a9924a90db8a","Valley","AL","36854","18-24","White","Male","Employed","High School/GED","Cybersecurity Essentials  (https://www.netacad.com/courses/cybersecurity), Networking Essentials (https://www.netacad.com/courses/networking)","Increase my skills, Get a new or better job","Hands on- I can work at my own schedule","Personal Growth, Add to my resume, Get a new or better job","Yes","Yes","Advanced (use Microsoft Office, including Excel & Powerpoint and set up new equipment, etc)","Yes","No","Referrals to job opportunities, Resume assistance, Job seeking skills training, Practice interviewing","Cisco Certified Support Technician (CCST) Networking","CCNA: Introduction to Networks",90,81,90,75,95,81,81,81,76,86,80,85,87,73,87,70,82.38,82.38,NA,NA,NA,NA,NA,NA,NA,NA,NA,NA,NA,NA,TRUE,TRUE,TRUE,TRUE,FALSE,FALSE,FALSE,FALSE,-85.1638,32.8498,TRUE,FALSE,FALSE,FALSE,FALSE,FALSE,FALSE,FALSE,FALSE,FALSE,FALSE,TRUE,FALSE,TRUE,TRUE,FALSE,FALSE,FALSE
"Rutland","7a31cd85cd419cfdb237aea4a4dbdebd","Killington","VT","05751","35-44","Black or African American","Male","Employed","Undergraduate","Networking Essentials (https://www.netacad.com/courses/networking)","Increase my skills","All of it","Personal Growth, Add to my resume, Help start my own business","Yes","Yes","Advanced (use Microsoft Office, including Excel & Powerpoint and set up new equipment, etc)","Yes","No","Information about other training programs","Cisco Certified Support Technician (CCST) Networking","CCNA: Introduction to Networks",NA,NA,NA,NA,NA,NA,NA,NA,NA,NA,NA,NA,NA,NA,NA,NA,0,0,NA,NA,NA,NA,NA,NA,NA,NA,NA,NA,NA,NA,TRUE,TRUE,FALSE,FALSE,FALSE,FALSE,FALSE,FALSE,-72.8043,43.6685,FALSE,FALSE,TRUE,FALSE,FALSE,FALSE,FALSE,TRUE,FALSE,FALSE,FALSE,TRUE,FALSE,TRUE,FALSE,FALSE,FALSE,FALSE
"Traverse City","6f690af452be83e502200c9f79375fcf","Traverse City","MI","49686","18-24","White","Female","Employed","High School/GED","Cybersecurity Essentials  (https://www.netacad.com/courses/cybersecurity), Networking Essentials (https://www.netacad.com/courses/networking)","Increase my skills, Get a new or better job, Start my own business","Hands on- I can work at my own schedule","Personal Growth, Add to my resume, Get a new or better job, Help start my own business","Yes","Yes","Above Average (use Microsoft Office, including Excel & Powerpoint)","Yes","No","Referrals to job opportunities, Resume assistance, Information about other training programs","Cisco Certified Support Technician (CCST) Networking","CCNA: Introduction to Networks",NA,NA,NA,NA,NA,NA,NA,NA,NA,NA,NA,NA,NA,NA,NA,NA,0,0,NA,NA,NA,NA,NA,NA,NA,NA,NA,NA,NA,NA,TRUE,TRUE,FALSE,FALSE,FALSE,FALSE,FALSE,FALSE,-85.6082,44.7618,TRUE,FALSE,FALSE,FALSE,FALSE,FALSE,FALSE,FALSE,FALSE,FALSE,TRUE,FALSE,FALSE,TRUE,TRUE,TRUE,FALSE,FALSE
"Wilson","f56fdd0c921f6cef5ea147a07e184fb9","Wilson","NC","27896","25-34","Black or African American","Female","Unemployed","High School/GED","Cybersecurity Essentials  (https://www.netacad.com/courses/cybersecurity)","Increase my skills, Get a new or better job","All of it, Hands on- I can work at my own schedule","Personal Growth, Add to my resume, Get a new or better job","Yes","Yes","Advanced (use Microsoft Office, including Excel & Powerpoint and set up new equipment, etc)","Yes","No","Referrals to job opportunities, Resume assistance, Job seeking skills training, Practice interviewing, Information about other training programs",NA,NA,NA,NA,NA,NA,NA,NA,NA,NA,NA,NA,NA,NA,NA,NA,NA,NA,NA,NA,"Cisco Certified Support Technician (CCST) Cybersecurity","Introduction to Cybersecurity",NA,NA,NA,NA,NA,NA,NA,NA,0,0,TRUE,TRUE,FALSE,FALSE,FALSE,FALSE,FALSE,FALSE,-77.9554,35.7636,FALSE,TRUE,FALSE,FALSE,FALSE,FALSE,FALSE,TRUE,FALSE,FALSE,TRUE,FALSE,FALSE,TRUE,TRUE,FALSE,FALSE,FALSE
"Traverse City","218d6e59be27e8c2c61b57470a76bb23","Walker","MI","49544","25-34","White","Male","Employed","High School/GED","Cybersecurity Essentials  (https://www.netacad.com/courses/cybersecurity), Networking Essentials (https://www.netacad.com/courses/networking)","Increase my skills","All of it","Personal Growth, Add to my resume","Yes","Yes","Advanced (use Microsoft Office, including Excel & Powerpoint and set up new equipment, etc)","Yes","No","No, I don't need additional services","Cisco Certified Support Technician (CCST) Networking","CCNA: Introduction to Networks",NA,NA,NA,NA,NA,NA,NA,NA,NA,NA,NA,NA,NA,NA,NA,NA,0,0,"Cisco Certified Support Technician (CCST) Cybersecurity","Introduction to Cybersecurity",NA,NA,NA,NA,NA,NA,NA,NA,0,0,TRUE,TRUE,FALSE,FALSE,FALSE,FALSE,FALSE,FALSE,-85.703,43.0065,FALSE,TRUE,FALSE,FALSE,FALSE,FALSE,FALSE,FALSE,FALSE,FALSE,FALSE,TRUE,FALSE,TRUE,FALSE,FALSE,FALSE,FALSE
"Kirksville","06b7232349714a860941ccb0058756d1","Kirksville","MO","63501","25-34","Black or African American","Male","Employed","High School/GED","Cybersecurity Essentials  (https://www.netacad.com/courses/cybersecurity), Networking Essentials (https://www.netacad.com/courses/networking)","Increase my skills, Get a new or better job","All of it","Personal Growth, Add to my resume, Get a new or better job","Yes","Yes","Average (can do email, shop online, search for information, use Word)","Yes","No","Information about other training programs","Cisco Certified Support Technician (CCST) Networking","CCNA: Introduction to Networks",NA,NA,NA,NA,NA,NA,NA,NA,NA,NA,NA,NA,NA,NA,NA,NA,0,0,"Cisco Certified Support Technician (CCST) Cybersecurity","Introduction to Cybersecurity",NA,NA,NA,NA,NA,NA,NA,NA,0,0,TRUE,TRUE,FALSE,FALSE,FALSE,FALSE,FALSE,FALSE,-92.5855,40.1956,FALSE,TRUE,FALSE,FALSE,FALSE,FALSE,FALSE,TRUE,FALSE,FALSE,FALSE,TRUE,FALSE,TRUE,TRUE,FALSE,FALSE,FALSE
"Traverse City","917141d0110855f1ada3a24f5ee2ee5b","Kewadin","MI","49648","25-34","White","Male","Employed","Undergraduate","Cybersecurity Essentials  (https://www.netacad.com/courses/cybersecurity), Networking Essentials (https://www.netacad.com/courses/networking)","Increase my skills, Get a new or better job","Hands on- I can work at my own schedule","Personal Growth, Add to my resume, Get a new or better job","Yes","Yes","Advanced (use Microsoft Office, including Excel & Powerpoint and set up new equipment, etc)","Yes","No","Referrals to job opportunities, Resume assistance, Job seeking skills training",NA,NA,NA,NA,NA,NA,NA,NA,NA,NA,NA,NA,NA,NA,NA,NA,NA,NA,NA,NA,"Cisco Certified Support Technician (CCST) Cybersecurity","Introduction to Cybersecurity",NA,NA,NA,NA,NA,NA,NA,NA,0,0,TRUE,TRUE,FALSE,FALSE,FALSE,FALSE,FALSE,FALSE,-85.3731,44.9286,FALSE,TRUE,FALSE,FALSE,FALSE,FALSE,FALSE,FALSE,FALSE,FALSE,FALSE,TRUE,FALSE,TRUE,TRUE,FALSE,FALSE,FALSE
"Wilson","32e252977ce767cb1905efdc034edfec","Rocky Mount","NC","27801","18-24","Black or African American","Male","Employed","High School/GED","Cybersecurity Essentials  (https://www.netacad.com/courses/cybersecurity), Networking Essentials (https://www.netacad.com/courses/networking)","Increase my skills, Get a new or better job, Start my own business","All of it","Personal Growth, Add to my resume, Get a new or better job","Yes","Yes","Advanced (use Microsoft Office, including Excel & Powerpoint and set up new equipment, etc)","Yes","No","Referrals to job opportunities, Resume assistance, Information about other training programs","Cisco Certified Support Technician (CCST) Networking","CCNA: Introduction to Networks",NA,NA,NA,NA,NA,NA,NA,NA,NA,NA,NA,NA,NA,NA,NA,NA,0,0,NA,NA,NA,NA,NA,NA,NA,NA,NA,NA,NA,NA,TRUE,TRUE,FALSE,FALSE,FALSE,FALSE,FALSE,FALSE,-77.795,35.9929,TRUE,FALSE,FALSE,FALSE,FALSE,FALSE,FALSE,TRUE,FALSE,FALSE,FALSE,TRUE,FALSE,TRUE,TRUE,TRUE,FALSE,FALSE
"Manitowoc","35735575932f6c7e65df9ee6ee25d0f3","Two Rivers","WI","54241","18-24","Prefer not to say","Male","Employed","Undergraduate","Introduction to Cybersecurity (https://www.netacad.com/courses/cybersecurity), CCNA 7: Introduction to Networks (https://www.netacad.com/courses/networking)","Increase my skills","All of it","Personal Growth, Add to my resume","Not at this time","Yes","Advanced (use Microsoft Office, including Excel & Powerpoint and set up new equipment, etc)","Yes",NA,"Information about other training programs","Cisco Certified Support Technician (CCST) Networking","CCNA: Introduction to Networks",100,95,95,95,100,90,100,90,100,100,100,100,100,100,100,90,97.19,97.19,"Cisco Certified Support Technician (CCST) Cybersecurity","Introduction to Cybersecurity",100,100,100,100,92,100,100,90,97.75,97.75,TRUE,TRUE,TRUE,TRUE,TRUE,FALSE,FALSE,FALSE,-87.6031,44.1317,TRUE,FALSE,FALSE,FALSE,FALSE,FALSE,FALSE,FALSE,TRUE,FALSE,FALSE,TRUE,FALSE,TRUE,FALSE,FALSE,FALSE,FALSE
"Ada","41b3d6818b9586531f3985017250e3a2","Norman","OK","73072","25-34","White","Female","Employed","Undergraduate","Cybersecurity Essentials  (https://www.netacad.com/courses/cybersecurity)","Increase my skills, Get a new or better job","All of it","Add to my resume, Get a new or better job","Yes","Yes","Advanced (use Microsoft Office, including Excel & Powerpoint and set up new equipment, etc)","Yes","No","Referrals to job opportunities, Resume assistance, Practice interviewing, Information about other training programs",NA,NA,NA,NA,NA,NA,NA,NA,NA,NA,NA,NA,NA,NA,NA,NA,NA,NA,NA,NA,"Cisco Certified Support Technician (CCST) Cybersecurity","Introduction to Cybersecurity",96,100,100,92,83,96,100,88,94.38,94.38,TRUE,TRUE,TRUE,FALSE,TRUE,FALSE,FALSE,FALSE,-97.4224,35.1835,FALSE,TRUE,FALSE,FALSE,FALSE,FALSE,FALSE,FALSE,FALSE,FALSE,TRUE,FALSE,FALSE,TRUE,TRUE,FALSE,FALSE,FALSE
"The Berkshires","ee6073b79a1157c31fb684ea5d195189","Pittsfield","MA","01201","25-34","White","Female","Unemployed","High School/GED","Introduction to Cybersecurity (https://www.netacad.com/courses/cybersecurity), CCNA 7: Introduction to Networks (https://www.netacad.com/courses/networking)","Increase my skills, Get a new or better job","All of it","Personal Growth, Add to my resume, Get a new or better job","Yes","Yes","Above Average (use Microsoft Office, including Excel & Powerpoint)","Yes","No","No, I don't need additional services","Cisco Certified Support Technician (CCST) Networking","CCNA: Introduction to Networks",90,95,NA,NA,NA,NA,NA,NA,NA,NA,NA,NA,NA,NA,NA,NA,11.56,11.56,"Cisco Certified Support Technician (CCST) Cybersecurity","Introduction to Cybersecurity",NA,NA,NA,NA,NA,NA,NA,NA,0,0,TRUE,TRUE,FALSE,FALSE,FALSE,FALSE,FALSE,FALSE,-73.227,42.4416,FALSE,TRUE,FALSE,FALSE,FALSE,FALSE,FALSE,FALSE,FALSE,FALSE,TRUE,FALSE,FALSE,TRUE,TRUE,FALSE,FALSE,FALSE
"Ada","807f7b9f2cfbf0526b2a7457ace10bb4","Roff","OK","74865","18-24","American Indian or Alaska Native","Male","Employed","High School/GED","Networking Essentials (https://www.netacad.com/courses/networking)","Increase my skills, Case Manager recommended","All of it","Personal Growth, Add to my resume","Yes","Yes","Advanced (use Microsoft Office, including Excel & Powerpoint and set up new equipment, etc)","Yes","No","Information about other training programs","Cisco Certified Support Technician (CCST) Networking","CCNA: Introduction to Networks",90,90,70,NA,NA,NA,NA,NA,NA,NA,NA,NA,NA,NA,NA,NA,15.62,15.62,NA,NA,NA,NA,NA,NA,NA,NA,NA,NA,NA,NA,TRUE,TRUE,FALSE,FALSE,FALSE,FALSE,FALSE,FALSE,-96.841,34.6271,TRUE,FALSE,FALSE,FALSE,FALSE,TRUE,FALSE,FALSE,FALSE,FALSE,FALSE,TRUE,FALSE,TRUE,FALSE,FALSE,TRUE,FALSE
"Ada","1034dfaad0e43ff0d7a7d7b7cdb92faa","Ada","OK","74820","18-24","White","Male","Employed","High School/GED","Cybersecurity Essentials  (https://www.netacad.com/courses/cybersecurity), Networking Essentials (https://www.netacad.com/courses/networking)","Increase my skills, Get a new or better job","All of it, Hands on- I can work at my own schedule","Personal Growth, Add to my resume, Get a new or better job","Yes","Yes","Advanced (use Microsoft Office, including Excel & Powerpoint and set up new equipment, etc)","Yes","No","No, I don't need additional services","Cisco Certified Support Technician (CCST) Networking","CCNA: Introduction to Networks",NA,NA,NA,NA,NA,NA,NA,NA,NA,NA,NA,NA,NA,NA,NA,NA,0,0,NA,NA,NA,NA,NA,NA,NA,NA,NA,NA,NA,NA,TRUE,TRUE,FALSE,FALSE,FALSE,FALSE,FALSE,FALSE,-96.6786,34.8066,TRUE,FALSE,FALSE,FALSE,FALSE,FALSE,FALSE,FALSE,FALSE,FALSE,FALSE,TRUE,FALSE,TRUE,TRUE,FALSE,FALSE,FALSE
"Traverse City","01b4d62f53050ab3674bc0c4939fa280","Traverse City","MI","49684","55+","White","Male","Employed","Postgraduate","Cybersecurity Essentials  (https://www.netacad.com/courses/cybersecurity)","Increase my skills, Start my own business","All of it, Hands on- I can work at my own schedule","Personal Growth, Help start my own business","Yes","Yes","Above Average (use Microsoft Office, including Excel & Powerpoint)","Yes","No","Information about other training programs, No, I don't need additional services",NA,NA,NA,NA,NA,NA,NA,NA,NA,NA,NA,NA,NA,NA,NA,NA,NA,NA,NA,NA,"Cisco Certified Support Technician (CCST) Cybersecurity","Introduction to Cybersecurity",NA,NA,NA,NA,NA,NA,NA,NA,0,0,TRUE,TRUE,FALSE,FALSE,FALSE,FALSE,FALSE,FALSE,-85.6207,44.7561,FALSE,FALSE,FALSE,FALSE,TRUE,FALSE,FALSE,FALSE,FALSE,FALSE,FALSE,TRUE,FALSE,TRUE,FALSE,TRUE,FALSE,FALSE
"Aberdeen","837ecd0376481a9e8e2bb955722ea2ca","Sisseton","SD","57262","45-54","White","Female","Employed","Undergraduate","Cybersecurity Essentials  (https://www.netacad.com/courses/cybersecurity), Networking Essentials (https://www.netacad.com/courses/networking)","Increase my skills","All of it","Personal Growth, Add to my resume","Yes","Yes","Advanced (use Microsoft Office, including Excel & Powerpoint and set up new equipment, etc)","Yes","No","Referrals to job opportunities, Information about other training programs","Cisco Certified Support Technician (CCST) Networking","CCNA: Introduction to Networks",95,90,85,70,85,100,100,86,76,90,93,95,100,73,80,85,87.69,87.69,"Cisco Certified Support Technician (CCST) Cybersecurity","Introduction to Cybersecurity",NA,NA,NA,NA,NA,NA,NA,NA,0,0,TRUE,TRUE,TRUE,TRUE,FALSE,FALSE,FALSE,FALSE,-97.0596,45.6617,FALSE,FALSE,FALSE,TRUE,FALSE,FALSE,FALSE,FALSE,FALSE,FALSE,TRUE,FALSE,FALSE,TRUE,FALSE,FALSE,FALSE,FALSE
"Chambers County","8b2dabdd2363ab183740e17001f6f94e","Dalton","GA","30721","35-44","Black or African American","Female","Employed","High School/GED","Cybersecurity Essentials  (https://www.netacad.com/courses/cybersecurity)","Get a new or better job","Hands on- I can work at my own schedule","Get a new or better job","Yes","Yes","Advanced (use Microsoft Office, including Excel & Powerpoint and set up new equipment, etc)","Yes","No","Referrals to job opportunities, Job seeking skills training",NA,NA,NA,NA,NA,NA,NA,NA,NA,NA,NA,NA,NA,NA,NA,NA,NA,NA,NA,NA,"Cisco Certified Support Technician (CCST) Cybersecurity","Introduction to Cybersecurity",NA,NA,NA,NA,NA,NA,NA,NA,0,0,TRUE,TRUE,FALSE,FALSE,FALSE,FALSE,FALSE,FALSE,-84.9567,34.719,FALSE,FALSE,TRUE,FALSE,FALSE,FALSE,FALSE,TRUE,FALSE,FALSE,TRUE,FALSE,FALSE,FALSE,TRUE,FALSE,FALSE,FALSE
"Portsmouth","00784ba8adc00b0c66febaa4dc9f5766",NA,"KY","41175","55+","White","Male","Employed","Graduate","CCNA 7: Introduction to Networks (https://www.netacad.com/courses/networking)","Increase my skills","All of it","Personal Growth","Yes","Yes","Above Average (use Microsoft Office, including Excel & Powerpoint)","Yes",NA,"Information about other training programs","Cisco Certified Support Technician (CCST) Networking","CCNA: Introduction to Networks",NA,NA,NA,NA,NA,NA,NA,NA,NA,NA,NA,NA,NA,NA,NA,NA,0,0,NA,NA,NA,NA,NA,NA,NA,NA,NA,NA,NA,NA,TRUE,TRUE,FALSE,FALSE,FALSE,FALSE,FALSE,FALSE,-82.9177,38.6664,FALSE,FALSE,FALSE,FALSE,TRUE,FALSE,FALSE,FALSE,FALSE,FALSE,FALSE,TRUE,FALSE,TRUE,FALSE,FALSE,FALSE,FALSE
"Ada","ee3b834c1b7884cd36e1990b290ac888","Fitzhugh","OK","74843","35-44","Prefer not to say","Female","Employed","High School/GED","Cybersecurity Essentials  (https://www.netacad.com/courses/cybersecurity)","Get a new or better job, Start my own business","All of it, Hands on- I can work at my own schedule","Personal Growth, Get a new or better job, Help start my own business","Yes","Yes","Above Average (use Microsoft Office, including Excel & Powerpoint)","Yes","No","Referrals to job opportunities, Information about other training programs",NA,NA,NA,NA,NA,NA,NA,NA,NA,NA,NA,NA,NA,NA,NA,NA,NA,NA,NA,NA,"Cisco Certified Support Technician (CCST) Cybersecurity","Introduction to Cybersecurity",NA,NA,NA,NA,NA,NA,NA,NA,0,0,TRUE,TRUE,FALSE,FALSE,FALSE,FALSE,FALSE,FALSE,-96.7687,34.6568,FALSE,FALSE,TRUE,FALSE,FALSE,FALSE,FALSE,FALSE,TRUE,FALSE,TRUE,FALSE,FALSE,FALSE,TRUE,TRUE,FALSE,FALSE
"Portsmouth","9367cb562a678494ba3e23b96939b1f5","Huntington","WV","25702","45-54","White","Male","Employed","Graduate","Introduction to Cybersecurity (https://www.netacad.com/courses/cybersecurity), CCNA 7: Introduction to Networks (https://www.netacad.com/courses/networking)","Increase my skills, Get a new or better job","All of it, Hands on- I can work at my own schedule","Add to my resume, Get a new or better job","Yes","Yes","Above Average (use Microsoft Office, including Excel & Powerpoint)","Yes","No","Referrals to job opportunities, Information about other training programs","Cisco Certified Support Technician (CCST) Networking","CCNA: Introduction to Networks",NA,NA,NA,NA,NA,NA,NA,NA,NA,NA,NA,NA,NA,NA,NA,NA,0,0,"Cisco Certified Support Technician (CCST) Cybersecurity","Introduction to Cybersecurity",NA,NA,NA,NA,NA,NA,NA,NA,0,0,TRUE,TRUE,FALSE,FALSE,FALSE,FALSE,FALSE,FALSE,-82.3958,38.425,FALSE,FALSE,FALSE,TRUE,FALSE,FALSE,FALSE,FALSE,FALSE,FALSE,FALSE,TRUE,FALSE,TRUE,TRUE,FALSE,FALSE,FALSE
"Ada","40ba90d317185d1ac047215fd828f230","Ada","OK","74820","45-54","Prefer not to say","Male","Employed","Undergraduate","Cybersecurity Essentials  (https://www.netacad.com/courses/cybersecurity)","Increase my skills","Hands on- I can work at my own schedule","Personal Growth, Add to my resume","Yes","Yes","Advanced (use Microsoft Office, including Excel & Powerpoint and set up new equipment, etc)","Yes","No","Information about other training programs",NA,NA,NA,NA,NA,NA,NA,NA,NA,NA,NA,NA,NA,NA,NA,NA,NA,NA,NA,NA,"Cisco Certified Support Technician (CCST) Cybersecurity","Introduction to Cybersecurity",NA,NA,NA,NA,NA,NA,NA,NA,0,0,TRUE,TRUE,FALSE,FALSE,FALSE,FALSE,FALSE,FALSE,-96.6786,34.8066,FALSE,FALSE,FALSE,TRUE,FALSE,FALSE,FALSE,FALSE,TRUE,FALSE,FALSE,TRUE,FALSE,TRUE,FALSE,FALSE,FALSE,FALSE
"Wilson","6fed98237cc1ac12193c94dee9f2dbfd","Wilson","NC","27893","18-24","White","Female","Employed","High School/GED","Cybersecurity Essentials  (https://www.netacad.com/courses/cybersecurity)","Increase my skills, Get a new or better job","All of it","Personal Growth, Add to my resume, Get a new or better job","Not at this time","Yes","Above Average (use Microsoft Office, including Excel & Powerpoint)","Yes","No","Practice interviewing, Information about other training programs",NA,NA,NA,NA,NA,NA,NA,NA,NA,NA,NA,NA,NA,NA,NA,NA,NA,NA,NA,NA,"Cisco Certified Support Technician (CCST) Cybersecurity","Introduction to Cybersecurity",NA,NA,NA,NA,NA,NA,NA,NA,0,0,TRUE,TRUE,FALSE,FALSE,FALSE,FALSE,FALSE,FALSE,-77.918,35.7289,TRUE,FALSE,FALSE,FALSE,FALSE,FALSE,FALSE,FALSE,FALSE,FALSE,TRUE,FALSE,FALSE,TRUE,TRUE,FALSE,FALSE,FALSE
"Wilson","d3cc9aa60837c703da3e898e75fe0338","Wilson","NC","27893","18-24","Black or African American","Male","Unemployed","Undergraduate","Cybersecurity Essentials  (https://www.netacad.com/courses/cybersecurity), Networking Essentials (https://www.netacad.com/courses/networking)","Increase my skills, Get a new or better job, Start my own business","All of it","Personal Growth, Add to my resume, Get a new or better job, Help start my own business","Yes","Yes","Advanced (use Microsoft Office, including Excel & Powerpoint and set up new equipment, etc)","Yes","No","Referrals to job opportunities, Resume assistance, Job seeking skills training, Practice interviewing, Information about other training programs",NA,NA,NA,NA,NA,NA,NA,NA,NA,NA,NA,NA,NA,NA,NA,NA,NA,NA,NA,NA,"Cisco Certified Support Technician (CCST) Cybersecurity","Introduction to Cybersecurity",NA,NA,NA,NA,NA,NA,NA,NA,0,0,TRUE,TRUE,FALSE,FALSE,FALSE,FALSE,FALSE,FALSE,-77.9461,35.7088,TRUE,FALSE,FALSE,FALSE,FALSE,FALSE,FALSE,TRUE,FALSE,FALSE,FALSE,TRUE,FALSE,TRUE,TRUE,TRUE,FALSE,FALSE
"Wilson","29cf279e9478088b2a2a5cae85468297","Wilson","NC","27893","55+","Black or African American","Female","Employed","Graduate","Cybersecurity Essentials  (https://www.netacad.com/courses/cybersecurity), Networking Essentials (https://www.netacad.com/courses/networking)","Increase my skills, Get a new or better job, Start my own business","All of it, Hands on- I can work at my own schedule","Personal Growth, Add to my resume, Get a new or better job, Help start my own business","Yes","Yes","Advanced (use Microsoft Office, including Excel & Powerpoint and set up new equipment, etc)","Yes","No","Referrals to job opportunities, Resume assistance","Cisco Certified Support Technician (CCST) Networking","CCNA: Introduction to Networks",80,NA,NA,NA,NA,NA,NA,NA,NA,NA,NA,NA,NA,NA,NA,NA,5,5,"Cisco Certified Support Technician (CCST) Cybersecurity","Introduction to Cybersecurity",NA,NA,NA,NA,NA,NA,NA,NA,0,0,TRUE,TRUE,FALSE,FALSE,FALSE,FALSE,FALSE,FALSE,-77.9495,35.7262,FALSE,FALSE,FALSE,FALSE,TRUE,FALSE,FALSE,TRUE,FALSE,FALSE,TRUE,FALSE,FALSE,TRUE,TRUE,TRUE,FALSE,FALSE
"Wilson","8fb5805832dc27e4b0df8cd632d8bed8","Wilson","NC","27896","18-24","Prefer not to say","Female","Employed","Undergraduate","Cybersecurity Essentials  (https://www.netacad.com/courses/cybersecurity)","Increase my skills, Get a new or better job","All of it","Personal Growth, Add to my resume, Get a new or better job","Yes","Yes","Above Average (use Microsoft Office, including Excel & Powerpoint)","Yes","No","Referrals to job opportunities, Job seeking skills training, Practice interviewing",NA,NA,NA,NA,NA,NA,NA,NA,NA,NA,NA,NA,NA,NA,NA,NA,NA,NA,NA,NA,"Cisco Certified Support Technician (CCST) Cybersecurity","Introduction to Cybersecurity",NA,NA,NA,NA,NA,NA,NA,NA,0,0,TRUE,TRUE,FALSE,FALSE,FALSE,FALSE,FALSE,FALSE,-77.9488,35.7612,TRUE,FALSE,FALSE,FALSE,FALSE,FALSE,FALSE,FALSE,TRUE,FALSE,TRUE,FALSE,FALSE,TRUE,TRUE,FALSE,FALSE,FALSE
"Ada","0088be252ab49f9bfaa0f8e16898dfb5","Davis","OK","73030","18-24","White","Male","Employed","High School/GED","Networking Essentials (https://www.netacad.com/courses/networking)","Increase my skills","Hands on- I can work at my own schedule","Personal Growth, Add to my resume","Yes","Yes","Advanced (use Microsoft Office, including Excel & Powerpoint and set up new equipment, etc)","Yes","No","No, I don't need additional services","Cisco Certified Support Technician (CCST) Networking","CCNA: Introduction to Networks",95,71,75,85,95,95,71,81,100,86,80,NA,NA,NA,NA,NA,58.38,58.38,NA,NA,NA,NA,NA,NA,NA,NA,NA,NA,NA,NA,TRUE,TRUE,FALSE,FALSE,FALSE,FALSE,FALSE,FALSE,-97.1871,34.4549,TRUE,FALSE,FALSE,FALSE,FALSE,FALSE,FALSE,FALSE,FALSE,FALSE,FALSE,TRUE,FALSE,TRUE,FALSE,FALSE,FALSE,FALSE
"Ada","9203e5c79bca6206f10b7bae8dc26d74","Ada","OK","74820","25-34","White","Female","Employed","Graduate","Cybersecurity Essentials  (https://www.netacad.com/courses/cybersecurity), Networking Essentials (https://www.netacad.com/courses/networking)","Increase my skills","All of it, Hands on- I can work at my own schedule","Personal Growth, Add to my resume","Yes","Yes","Above Average (use Microsoft Office, including Excel & Powerpoint)","Yes","No","No, I don't need additional services","Cisco Certified Support Technician (CCST) Networking","CCNA: Introduction to Networks",NA,NA,NA,NA,NA,NA,NA,NA,NA,NA,NA,NA,NA,NA,NA,NA,0,0,NA,NA,NA,NA,NA,NA,NA,NA,NA,NA,NA,NA,TRUE,TRUE,FALSE,FALSE,FALSE,FALSE,FALSE,FALSE,-96.6786,34.8066,FALSE,TRUE,FALSE,FALSE,FALSE,FALSE,FALSE,FALSE,FALSE,FALSE,TRUE,FALSE,FALSE,TRUE,FALSE,FALSE,FALSE,FALSE
"Traverse City","7ee632ccaf591ef6412a3ecb5a55dff7","Kingsley","MI","49649","45-54","White","Female","Employed","Undergraduate","Cybersecurity Essentials  (https://www.netacad.com/courses/cybersecurity), Networking Essentials (https://www.netacad.com/courses/networking)","Increase my skills, Get a new or better job","All of it, Hands on- I can work at my own schedule","Personal Growth, Add to my resume, Get a new or better job","Yes","Yes","Advanced (use Microsoft Office, including Excel & Powerpoint and set up new equipment, etc)","Yes","No","Resume assistance, Information about other training programs","Cisco Certified Support Technician (CCST) Networking","CCNA: Introduction to Networks",NA,NA,NA,NA,NA,NA,NA,NA,NA,NA,NA,NA,NA,NA,NA,NA,0,0,NA,NA,NA,NA,NA,NA,NA,NA,NA,NA,NA,NA,TRUE,TRUE,FALSE,FALSE,FALSE,FALSE,FALSE,FALSE,-85.4558,44.5891,FALSE,FALSE,FALSE,TRUE,FALSE,FALSE,FALSE,FALSE,FALSE,FALSE,TRUE,FALSE,FALSE,TRUE,TRUE,FALSE,FALSE,FALSE
"Traverse City","fe872e3787ac70d93d5fd0926e903445",NA,NA,"49684","55+","White","Male","Unemployed","Undergraduate","Cybersecurity Essentials  (https://www.netacad.com/courses/cybersecurity), Networking Essentials (https://www.netacad.com/courses/networking)","Increase my skills, Get a new or better job","All of it","Personal Growth, Add to my resume, Get a new or better job","Yes","Yes","Above Average (use Microsoft Office, including Excel & Powerpoint)","Yes","No","Referrals to job opportunities, Practice interviewing, Information about other training programs","Cisco Certified Support Technician (CCST) Networking","CCNA: Introduction to Networks",NA,NA,NA,NA,NA,NA,NA,NA,NA,NA,NA,NA,NA,NA,NA,NA,0,0,"Cisco Certified Support Technician (CCST) Cybersecurity","Introduction to Cybersecurity",NA,NA,NA,NA,NA,NA,NA,NA,0,0,TRUE,TRUE,FALSE,FALSE,FALSE,FALSE,FALSE,FALSE,NA,NA,FALSE,FALSE,FALSE,FALSE,TRUE,FALSE,FALSE,FALSE,FALSE,FALSE,FALSE,TRUE,FALSE,TRUE,TRUE,FALSE,FALSE,FALSE
"Traverse City","143a9d197dea984196763e7839e69d6d","Traverse City","MI","49686","25-34","White","Male","Employed","Undergraduate","Cybersecurity Essentials  (https://www.netacad.com/courses/cybersecurity)","Get a new or better job","All of it","Personal Growth, Add to my resume, Get a new or better job","Yes","Yes","Advanced (use Microsoft Office, including Excel & Powerpoint and set up new equipment, etc)","Yes","No","Referrals to job opportunities, Resume assistance, Job seeking skills training",NA,NA,NA,NA,NA,NA,NA,NA,NA,NA,NA,NA,NA,NA,NA,NA,NA,NA,NA,NA,"Cisco Certified Support Technician (CCST) Cybersecurity","Introduction to Cybersecurity",NA,NA,NA,NA,NA,NA,NA,NA,0,0,TRUE,TRUE,FALSE,FALSE,FALSE,FALSE,FALSE,FALSE,-85.5903,44.7556,FALSE,TRUE,FALSE,FALSE,FALSE,FALSE,FALSE,FALSE,FALSE,FALSE,FALSE,TRUE,FALSE,FALSE,TRUE,FALSE,FALSE,FALSE
"Traverse City","1b7a1da839bc2692027ec13c8733441d",NA,"MI","49685","25-34","Asian","Female","Employed","High School/GED","Networking Essentials (https://www.netacad.com/courses/networking)","Increase my skills, Get a new or better job","All of it","Personal Growth, Get a new or better job, Help start my own business","Yes","Yes","Average (can do email, shop online, search for information, use Word)","Yes","No","Referrals to job opportunities, Resume assistance, Job seeking skills training, Practice interviewing, Information about other training programs","Cisco Certified Support Technician (CCST) Networking","CCNA: Introduction to Networks",NA,NA,NA,NA,NA,NA,NA,NA,NA,NA,NA,NA,NA,NA,NA,NA,0,0,NA,NA,NA,NA,NA,NA,NA,NA,NA,NA,NA,NA,TRUE,TRUE,FALSE,FALSE,FALSE,FALSE,FALSE,FALSE,-84.6331,43.9248,FALSE,TRUE,FALSE,FALSE,FALSE,FALSE,TRUE,FALSE,FALSE,FALSE,TRUE,FALSE,FALSE,TRUE,TRUE,FALSE,FALSE,FALSE
"Wilson","1a6cbad8d59c3373663dae5557e43a57","Wilson","NC","27893","35-44","Black or African American","Female","Employed","Graduate","Networking Essentials (https://www.netacad.com/courses/networking)","Increase my skills, Get a new or better job","All of it, Hands on- I can work at my own schedule","Personal Growth, Add to my resume, Get a new or better job","Yes","Yes","Advanced (use Microsoft Office, including Excel & Powerpoint and set up new equipment, etc)","Yes","No","Information about other training programs, No, I don't need additional services","Cisco Certified Support Technician (CCST) Networking","CCNA: Introduction to Networks",NA,NA,NA,NA,NA,NA,NA,NA,NA,NA,NA,NA,NA,NA,NA,NA,0,0,NA,NA,NA,NA,NA,NA,NA,NA,NA,NA,NA,NA,TRUE,TRUE,FALSE,FALSE,FALSE,FALSE,FALSE,FALSE,-77.9188,35.7098,FALSE,FALSE,TRUE,FALSE,FALSE,FALSE,FALSE,TRUE,FALSE,FALSE,TRUE,FALSE,FALSE,TRUE,TRUE,FALSE,FALSE,FALSE
"Traverse City","ca90ff3752c93306a1fba721542f5e6b","Flint","MI","48505","35-44","Black or African American","Female","Unemployed","High School/GED","Cybersecurity Essentials  (https://www.netacad.com/courses/cybersecurity), Networking Essentials (https://www.netacad.com/courses/networking)","Increase my skills, Get a new or better job, Start my own business","All of it","Personal Growth, Add to my resume, Get a new or better job, Help start my own business","Yes","Yes","Average (can do email, shop online, search for information, use Word)","Yes","No","Referrals to job opportunities, Resume assistance, Job seeking skills training, Information about other training programs",NA,NA,NA,NA,NA,NA,NA,NA,NA,NA,NA,NA,NA,NA,NA,NA,NA,NA,NA,NA,"Cisco Certified Support Technician (CCST) Cybersecurity","Introduction to Cybersecurity",NA,NA,NA,NA,NA,NA,NA,NA,0,0,TRUE,TRUE,FALSE,FALSE,FALSE,FALSE,FALSE,FALSE,-83.7006,43.0748,FALSE,FALSE,TRUE,FALSE,FALSE,FALSE,FALSE,TRUE,FALSE,FALSE,TRUE,FALSE,FALSE,TRUE,TRUE,TRUE,FALSE,FALSE
"Wilson","12e6b6dff2119f271b81747bc9b365a3","Wilson","NC","27895","35-44","Black or African American","Female","Employed","Postgraduate","Cybersecurity Essentials  (https://www.netacad.com/courses/cybersecurity), Networking Essentials (https://www.netacad.com/courses/networking)","Increase my skills, Get a new or better job, Start my own business","All of it, Hands on- I can work at my own schedule","Personal Growth, Add to my resume, Get a new or better job, Help start my own business","Yes","Yes","Advanced (use Microsoft Office, including Excel & Powerpoint and set up new equipment, etc)","Yes","No","Information about other training programs","Cisco Certified Support Technician (CCST) Networking","CCNA: Introduction to Networks",NA,NA,NA,NA,NA,NA,NA,NA,NA,NA,NA,NA,NA,NA,NA,NA,0,0,"Cisco Certified Support Technician (CCST) Cybersecurity","Introduction to Cybersecurity",NA,NA,NA,NA,NA,NA,NA,NA,0,0,TRUE,TRUE,FALSE,FALSE,FALSE,FALSE,FALSE,FALSE,-77.9251,35.7307,FALSE,FALSE,TRUE,FALSE,FALSE,FALSE,FALSE,TRUE,FALSE,FALSE,TRUE,FALSE,FALSE,TRUE,TRUE,TRUE,FALSE,FALSE
"Ada","0c93497ba0f3053b93513958ecc8c9c7","Ada","OK","74820","45-54","White","Female","Employed","High School/GED","Cybersecurity Essentials  (https://www.netacad.com/courses/cybersecurity), Networking Essentials (https://www.netacad.com/courses/networking)","Increase my skills","All of it","Personal Growth, Add to my resume","Yes","Yes","Above Average (use Microsoft Office, including Excel & Powerpoint)","Yes","No","No, I don't need additional services","Cisco Certified Support Technician (CCST) Networking","CCNA: Introduction to Networks",NA,NA,NA,NA,NA,NA,NA,NA,NA,NA,NA,NA,NA,NA,NA,NA,0,0,NA,NA,NA,NA,NA,NA,NA,NA,NA,NA,NA,NA,TRUE,TRUE,FALSE,FALSE,FALSE,FALSE,FALSE,FALSE,-96.6786,34.8066,FALSE,FALSE,FALSE,TRUE,FALSE,FALSE,FALSE,FALSE,FALSE,FALSE,TRUE,FALSE,FALSE,TRUE,FALSE,FALSE,FALSE,FALSE
"Wilson","234ee2fc7c7b0990375b4cd4bc27fb8c","Wilson","NC","27896","25-34","Black or African American","Female","Employed","Graduate","Cybersecurity Essentials  (https://www.netacad.com/courses/cybersecurity), Networking Essentials (https://www.netacad.com/courses/networking)","Increase my skills, Get a new or better job","All of it, Hands on- I can work at my own schedule","Personal Growth, Add to my resume, Get a new or better job","Yes","Yes","Advanced (use Microsoft Office, including Excel & Powerpoint and set up new equipment, etc)","Yes","No","Referrals to job opportunities, Resume assistance, Job seeking skills training, Practice interviewing","Cisco Certified Support Technician (CCST) Networking","CCNA: Introduction to Networks",NA,NA,NA,NA,NA,NA,NA,NA,NA,NA,NA,NA,NA,NA,NA,NA,0,0,NA,NA,NA,NA,NA,NA,NA,NA,NA,NA,NA,NA,TRUE,TRUE,FALSE,FALSE,FALSE,FALSE,FALSE,FALSE,-77.9699,35.7545,FALSE,TRUE,FALSE,FALSE,FALSE,FALSE,FALSE,TRUE,FALSE,FALSE,TRUE,FALSE,FALSE,TRUE,TRUE,FALSE,FALSE,FALSE
"Taos","4fec1984654459686e6b1b287259b49c","Taos","NM","87571","45-54","American Indian or Alaska Native","Female","Employed","Undergraduate","Cybersecurity Essentials  (https://www.netacad.com/courses/cybersecurity), Networking Essentials (https://www.netacad.com/courses/networking)","Get a new or better job","All of it","Personal Growth, Add to my resume, Get a new or better job, Help start my own business","Yes","Yes","Advanced (use Microsoft Office, including Excel & Powerpoint and set up new equipment, etc)","Yes","No","Referrals to job opportunities, Resume assistance, Job seeking skills training",NA,NA,NA,NA,NA,NA,NA,NA,NA,NA,NA,NA,NA,NA,NA,NA,NA,NA,NA,NA,"Cisco Certified Support Technician (CCST) Cybersecurity","Introduction to Cybersecurity",NA,NA,NA,NA,NA,NA,NA,NA,0,0,TRUE,TRUE,FALSE,FALSE,FALSE,FALSE,FALSE,FALSE,-105.5867,36.3815,FALSE,FALSE,FALSE,TRUE,FALSE,TRUE,FALSE,FALSE,FALSE,FALSE,TRUE,FALSE,FALSE,FALSE,TRUE,FALSE,FALSE,FALSE
"Chambers County","e10caba328bfddebbef3a472cfa461f0","Opelika","AL","36801","45-54","Black or African American","Female","Employed","Graduate","CCNA 7: Introduction to Networks (https://www.netacad.com/courses/networking)","Increase my skills, Get a new or better job","All of it","Personal Growth, Add to my resume, Get a new or better job","Yes","Yes","Advanced (use Microsoft Office, including Excel & Powerpoint and set up new equipment, etc)","Yes",NA,"Referrals to job opportunities, Information about other training programs","Cisco Certified Support Technician (CCST) Networking","CCNA: Introduction to Networks",NA,NA,NA,NA,NA,NA,NA,NA,NA,NA,NA,NA,NA,NA,NA,NA,0,0,NA,NA,NA,NA,NA,NA,NA,NA,NA,NA,NA,NA,TRUE,TRUE,FALSE,FALSE,FALSE,FALSE,FALSE,FALSE,-85.4037,32.644,FALSE,FALSE,FALSE,TRUE,FALSE,FALSE,FALSE,TRUE,FALSE,FALSE,TRUE,FALSE,FALSE,TRUE,TRUE,FALSE,FALSE,FALSE
"Chambers County","eed5879abbeafb516015a68169b03e2d","Auburn","AL","36830","25-34","Black or African American","Male","Employed","Undergraduate","Introduction to Cybersecurity (https://www.netacad.com/courses/cybersecurity), CCNA 7: Introduction to Networks (https://www.netacad.com/courses/networking)","Increase my skills","All of it, Hands on- I can work at my own schedule","Personal Growth, Add to my resume","Yes","Yes","Advanced (use Microsoft Office, including Excel & Powerpoint and set up new equipment, etc)","Yes","No","Referrals to job opportunities, Information about other training programs","Cisco Certified Support Technician (CCST) Networking","CCNA: Introduction to Networks",NA,NA,NA,NA,NA,NA,NA,NA,NA,NA,NA,NA,NA,NA,NA,NA,0,0,"Cisco Certified Support Technician (CCST) Cybersecurity","Introduction to Cybersecurity",NA,NA,NA,NA,NA,NA,NA,NA,0,0,TRUE,TRUE,FALSE,FALSE,FALSE,FALSE,FALSE,FALSE,-85.518,32.5322,FALSE,TRUE,FALSE,FALSE,FALSE,FALSE,FALSE,TRUE,FALSE,FALSE,FALSE,TRUE,FALSE,TRUE,FALSE,FALSE,FALSE,FALSE
"Wilson","299515d32d620d3657f660581c7ea79d","Wilson","NC","27896","35-44","Black or African American","Male","Employed","High School/GED","Cybersecurity Essentials  (https://www.netacad.com/courses/cybersecurity)","Increase my skills, Get a new or better job","All of it","Add to my resume, Get a new or better job","Yes","Yes","Above Average (use Microsoft Office, including Excel & Powerpoint)","Yes","Yes","Referrals to job opportunities, Resume assistance, Job seeking skills training, Practice interviewing",NA,NA,NA,NA,NA,NA,NA,NA,NA,NA,NA,NA,NA,NA,NA,NA,NA,NA,NA,NA,"Cisco Certified Support Technician (CCST) Cybersecurity","Introduction to Cybersecurity",NA,NA,NA,NA,NA,NA,NA,NA,0,0,TRUE,TRUE,FALSE,FALSE,FALSE,FALSE,FALSE,FALSE,-77.9428,35.7607,FALSE,FALSE,TRUE,FALSE,FALSE,FALSE,FALSE,TRUE,FALSE,FALSE,FALSE,TRUE,FALSE,TRUE,TRUE,FALSE,FALSE,FALSE
"Taos","b0db038fc4b6a9a1867d01b34e43b256","Costilla","NM","87524","55+","White","Female","Employed","Graduate","Cybersecurity Essentials  (https://www.netacad.com/courses/cybersecurity)","Increase my skills, Get a new or better job, Start my own business, Case Manager recommended","All of it","Personal Growth, Add to my resume, Get a new or better job, Help start my own business","Yes","Yes","Average (can do email, shop online, search for information, use Word)","Yes","No","Referrals to job opportunities, Job seeking skills training, Information about other training programs",NA,NA,NA,NA,NA,NA,NA,NA,NA,NA,NA,NA,NA,NA,NA,NA,NA,NA,NA,NA,"Cisco Certified Support Technician (CCST) Cybersecurity","Introduction to Cybersecurity",NA,NA,NA,NA,NA,NA,NA,NA,0,0,TRUE,TRUE,FALSE,FALSE,FALSE,FALSE,FALSE,FALSE,-105.5367,36.9752,FALSE,FALSE,FALSE,FALSE,TRUE,FALSE,FALSE,FALSE,FALSE,FALSE,TRUE,FALSE,FALSE,TRUE,TRUE,TRUE,TRUE,FALSE
"Ada","355df5ffc30efcf4e79c87c7bea72aa1","Stonewall","OK","74871","25-34","White","Female","Employed","Undergraduate","Cybersecurity Essentials  (https://www.netacad.com/courses/cybersecurity), Networking Essentials (https://www.netacad.com/courses/networking)","Increase my skills, Get a new or better job","Hands on- I can work at my own schedule","Add to my resume, Get a new or better job","Yes","Yes","Advanced (use Microsoft Office, including Excel & Powerpoint and set up new equipment, etc)","Yes","No","No, I don't need additional services","Cisco Certified Support Technician (CCST) Networking","CCNA: Introduction to Networks",NA,NA,NA,NA,NA,NA,NA,NA,NA,NA,NA,NA,NA,NA,NA,NA,0,0,"Cisco Certified Support Technician (CCST) Cybersecurity","Introduction to Cybersecurity",NA,NA,NA,NA,NA,NA,NA,NA,0,0,TRUE,TRUE,FALSE,FALSE,FALSE,FALSE,FALSE,FALSE,-96.5254,34.6518,FALSE,TRUE,FALSE,FALSE,FALSE,FALSE,FALSE,FALSE,FALSE,FALSE,TRUE,FALSE,FALSE,TRUE,TRUE,FALSE,FALSE,FALSE
"Traverse City","c4ee40c7ff6cb4fc54e651a68fed6013","Traverse City","MI","49685","55+","White","Female","Employed","Undergraduate","Cybersecurity Essentials  (https://www.netacad.com/courses/cybersecurity)","Increase my skills, Get a new or better job","All of it","Personal Growth, Add to my resume, Get a new or better job","Yes","Yes","Above Average (use Microsoft Office, including Excel & Powerpoint)","Yes","No","Referrals to job opportunities, Resume assistance, Information about other training programs",NA,NA,NA,NA,NA,NA,NA,NA,NA,NA,NA,NA,NA,NA,NA,NA,NA,NA,NA,NA,"Cisco Certified Support Technician (CCST) Cybersecurity","Introduction to Cybersecurity",NA,NA,NA,NA,NA,NA,NA,NA,0,0,TRUE,TRUE,FALSE,FALSE,FALSE,FALSE,FALSE,FALSE,-85.6206,44.7631,FALSE,FALSE,FALSE,FALSE,TRUE,FALSE,FALSE,FALSE,FALSE,FALSE,TRUE,FALSE,FALSE,TRUE,TRUE,FALSE,FALSE,FALSE
"Chambers County","69a08d22308f4777b4f02364ed09f3c6",NA,NA,"36854","35-44","White","Female","Employed","High School/GED","Introduction to Cybersecurity (https://www.netacad.com/courses/cybersecurity)","Increase my skills, Get a new or better job","All of it","Personal Growth, Add to my resume, Get a new or better job","Yes","Yes","Above Average (use Microsoft Office, including Excel & Powerpoint)","Yes","No","Referrals to job opportunities, Resume assistance, Job seeking skills training, Practice interviewing, Information about other training programs",NA,NA,NA,NA,NA,NA,NA,NA,NA,NA,NA,NA,NA,NA,NA,NA,NA,NA,NA,NA,"Cisco Certified Support Technician (CCST) Cybersecurity","Introduction to Cybersecurity",NA,NA,NA,NA,NA,NA,NA,NA,0,0,TRUE,TRUE,FALSE,FALSE,FALSE,FALSE,FALSE,FALSE,NA,NA,FALSE,FALSE,TRUE,FALSE,FALSE,FALSE,FALSE,FALSE,FALSE,FALSE,TRUE,FALSE,FALSE,TRUE,TRUE,FALSE,FALSE,FALSE
"Traverse City","a85b1950da1a73c0304a2d4ebee8bb33","Cadillac","MI","49601","25-34","White","Female","Unemployed","High School/GED","Cybersecurity Essentials  (https://www.netacad.com/courses/cybersecurity), Networking Essentials (https://www.netacad.com/courses/networking)","Increase my skills, Get a new or better job, Case Manager recommended","All of it, Hands on- I can work at my own schedule","Personal Growth, Add to my resume, Get a new or better job","Yes","Yes","Above Average (use Microsoft Office, including Excel & Powerpoint)","Yes","No","Information about other training programs","Cisco Certified Support Technician (CCST) Networking","CCNA: Introduction to Networks",NA,NA,NA,NA,NA,NA,NA,NA,NA,NA,NA,NA,NA,NA,NA,NA,0,0,"Cisco Certified Support Technician (CCST) Cybersecurity","Introduction to Cybersecurity",NA,NA,NA,NA,NA,NA,NA,NA,0,0,TRUE,TRUE,FALSE,FALSE,FALSE,FALSE,FALSE,FALSE,-85.4106,44.2348,FALSE,TRUE,FALSE,FALSE,FALSE,FALSE,FALSE,FALSE,FALSE,FALSE,TRUE,FALSE,FALSE,TRUE,TRUE,FALSE,TRUE,FALSE
"The Berkshires","f7fe3f851087b1a4370c43b55047e24e","Pittsfield","MA","01201","35-44","White","Female","Employed","Undergraduate","Introduction to Cybersecurity (https://www.netacad.com/courses/cybersecurity)","Increase my skills","All of it","Personal Growth, Add to my resume","Yes","Yes","Above Average (use Microsoft Office, including Excel & Powerpoint)","Yes","No","Information about other training programs",NA,NA,NA,NA,NA,NA,NA,NA,NA,NA,NA,NA,NA,NA,NA,NA,NA,NA,NA,NA,"Cisco Certified Support Technician (CCST) Cybersecurity","Introduction to Cybersecurity",NA,NA,NA,NA,NA,NA,NA,NA,0,0,TRUE,TRUE,FALSE,FALSE,FALSE,FALSE,FALSE,FALSE,-73.2925,42.4466,FALSE,FALSE,TRUE,FALSE,FALSE,FALSE,FALSE,FALSE,FALSE,FALSE,TRUE,FALSE,FALSE,TRUE,FALSE,FALSE,FALSE,FALSE
"Traverse City","538154ca6883fa377b8e32852107f84c","Grand Rapids","MI","49504","35-44","White","Male","Employed","High School/GED","Cybersecurity Essentials  (https://www.netacad.com/courses/cybersecurity), Networking Essentials (https://www.netacad.com/courses/networking)","Increase my skills","All of it, Hands on- I can work at my own schedule","Personal Growth, Add to my resume, Get a new or better job","Yes","Yes","Advanced (use Microsoft Office, including Excel & Powerpoint and set up new equipment, etc)","Yes","No","Information about other training programs","Cisco Certified Support Technician (CCST) Networking","CCNA: Introduction to Networks",NA,NA,NA,NA,NA,NA,NA,NA,NA,NA,NA,NA,NA,NA,NA,NA,0,0,"Cisco Certified Support Technician (CCST) Cybersecurity","Introduction to Cybersecurity",NA,NA,NA,NA,NA,NA,NA,NA,0,0,TRUE,TRUE,FALSE,FALSE,FALSE,FALSE,FALSE,FALSE,-85.6937,42.9911,FALSE,FALSE,TRUE,FALSE,FALSE,FALSE,FALSE,FALSE,FALSE,FALSE,FALSE,TRUE,FALSE,TRUE,FALSE,FALSE,FALSE,FALSE
"Wilson","7a50a7b355bd1496ed3306efddc5cfad","Wilson","NC","27893","25-34","Black or African American","Male","Employed","Undergraduate","Cybersecurity Essentials  (https://www.netacad.com/courses/cybersecurity), Networking Essentials (https://www.netacad.com/courses/networking)","Increase my skills, Get a new or better job","All of it","Personal Growth, Add to my resume, Get a new or better job","Yes","Yes","Advanced (use Microsoft Office, including Excel & Powerpoint and set up new equipment, etc)","Yes","No","Referrals to job opportunities, Resume assistance, Job seeking skills training, Practice interviewing, Information about other training programs","Cisco Certified Support Technician (CCST) Networking","CCNA: Introduction to Networks",NA,NA,NA,NA,NA,NA,NA,NA,NA,NA,NA,NA,NA,NA,NA,NA,0,0,"Cisco Certified Support Technician (CCST) Cybersecurity","Introduction to Cybersecurity",NA,NA,NA,NA,NA,NA,NA,NA,0,0,TRUE,TRUE,FALSE,FALSE,FALSE,FALSE,FALSE,FALSE,-77.9425,35.7241,FALSE,TRUE,FALSE,FALSE,FALSE,FALSE,FALSE,TRUE,FALSE,FALSE,FALSE,TRUE,FALSE,TRUE,TRUE,FALSE,FALSE,FALSE
"Wilson","e087bb5b0df495e562bd88260cdd93fc","Elm City","NC","27822","35-44","White","Female","Employed","Graduate","Networking Essentials (https://www.netacad.com/courses/networking)","Increase my skills","Hands on- I can work at my own schedule","Personal Growth, Add to my resume","Yes","Yes","Advanced (use Microsoft Office, including Excel & Powerpoint and set up new equipment, etc)","Yes","No","Information about other training programs","Cisco Certified Support Technician (CCST) Networking","CCNA: Introduction to Networks",NA,NA,NA,NA,NA,NA,NA,NA,NA,NA,NA,NA,NA,NA,NA,NA,0,0,NA,NA,NA,NA,NA,NA,NA,NA,NA,NA,NA,NA,TRUE,TRUE,FALSE,FALSE,FALSE,FALSE,FALSE,FALSE,-77.8625,35.8061,FALSE,FALSE,TRUE,FALSE,FALSE,FALSE,FALSE,FALSE,FALSE,FALSE,TRUE,FALSE,FALSE,TRUE,FALSE,FALSE,FALSE,FALSE
"Wilson","5ed91080f09eab862c4857e820989ccc","Wilson","NC","27896","25-34","White","Female","Employed","High School/GED","Networking Essentials (https://www.netacad.com/courses/networking)","Increase my skills","All of it, Hands on- I can work at my own schedule","Personal Growth, Add to my resume, Get a new or better job","Yes","Yes","Average (can do email, shop online, search for information, use Word)","Yes","No","Information about other training programs","Cisco Certified Support Technician (CCST) Networking","CCNA: Introduction to Networks",NA,NA,NA,NA,NA,NA,NA,NA,NA,NA,NA,NA,NA,NA,NA,NA,0,0,NA,NA,NA,NA,NA,NA,NA,NA,NA,NA,NA,NA,TRUE,TRUE,FALSE,FALSE,FALSE,FALSE,FALSE,FALSE,-77.9551,35.7504,FALSE,TRUE,FALSE,FALSE,FALSE,FALSE,FALSE,FALSE,FALSE,FALSE,TRUE,FALSE,FALSE,TRUE,FALSE,FALSE,FALSE,FALSE
"Ada","6a8a51bfc9757ae33c712408cf007361","Ada","OK","74820","35-44","White","Male","Employed","Undergraduate","Networking Essentials (https://www.netacad.com/courses/networking)","Increase my skills","All of it","Personal Growth, Add to my resume","Yes","Yes","Advanced (use Microsoft Office, including Excel & Powerpoint and set up new equipment, etc)","Yes","No","Information about other training programs","Cisco Certified Support Technician (CCST) Networking","CCNA: Introduction to Networks",100,NA,NA,NA,NA,NA,NA,NA,NA,NA,NA,NA,NA,NA,NA,NA,6.25,6.25,NA,NA,NA,NA,NA,NA,NA,NA,NA,NA,NA,NA,TRUE,TRUE,FALSE,FALSE,FALSE,FALSE,FALSE,FALSE,-96.6786,34.8066,FALSE,FALSE,TRUE,FALSE,FALSE,FALSE,FALSE,FALSE,FALSE,FALSE,FALSE,TRUE,FALSE,TRUE,FALSE,FALSE,FALSE,FALSE
"Wilson","c1122d22a9c808e487cb4731bff8ad79","Wilson","NC","27893","45-54","White","Male","Employed","Undergraduate","Networking Essentials (https://www.netacad.com/courses/networking)","Increase my skills","All of it","Personal Growth","Yes","Yes","Above Average (use Microsoft Office, including Excel & Powerpoint)","Yes","No","No, I don't need additional services","Cisco Certified Support Technician (CCST) Networking","CCNA: Introduction to Networks",NA,NA,NA,NA,NA,NA,NA,NA,NA,NA,NA,NA,NA,NA,NA,NA,0,0,NA,NA,NA,NA,NA,NA,NA,NA,NA,NA,NA,NA,TRUE,TRUE,FALSE,FALSE,FALSE,FALSE,FALSE,FALSE,-77.9106,35.746,FALSE,FALSE,FALSE,TRUE,FALSE,FALSE,FALSE,FALSE,FALSE,FALSE,FALSE,TRUE,FALSE,TRUE,FALSE,FALSE,FALSE,FALSE
"Traverse City","90c9484fb4f62841ec9d92abee02f8de","Rochester Hills","MI","48309","45-54","White","Male","Employed","Postgraduate","Cybersecurity Essentials  (https://www.netacad.com/courses/cybersecurity)","Increase my skills","All of it","Personal Growth","Yes","Yes","Advanced (use Microsoft Office, including Excel & Powerpoint and set up new equipment, etc)","Yes","No","No, I don't need additional services",NA,NA,NA,NA,NA,NA,NA,NA,NA,NA,NA,NA,NA,NA,NA,NA,NA,NA,NA,NA,"Cisco Certified Support Technician (CCST) Cybersecurity","Introduction to Cybersecurity",NA,NA,NA,NA,NA,NA,NA,NA,0,0,TRUE,TRUE,FALSE,FALSE,FALSE,FALSE,FALSE,FALSE,-83.1573,42.6837,FALSE,FALSE,FALSE,TRUE,FALSE,FALSE,FALSE,FALSE,FALSE,FALSE,FALSE,TRUE,FALSE,TRUE,FALSE,FALSE,FALSE,FALSE
"Traverse City","066391805f89996e4d50defdcd26c000","Grayling","MI","49738","35-44","White","Male","Employed","Undergraduate","Cybersecurity Essentials  (https://www.netacad.com/courses/cybersecurity)","Get a new or better job","Hands on- I can work at my own schedule","Personal Growth, Add to my resume, Get a new or better job","Yes","Yes","Above Average (use Microsoft Office, including Excel & Powerpoint)","Yes","No","Referrals to job opportunities, Resume assistance, Job seeking skills training, Practice interviewing, Information about other training programs",NA,NA,NA,NA,NA,NA,NA,NA,NA,NA,NA,NA,NA,NA,NA,NA,NA,NA,NA,NA,"Cisco Certified Support Technician (CCST) Cybersecurity","Introduction to Cybersecurity",96,96,NA,NA,NA,NA,NA,NA,24,24,TRUE,TRUE,FALSE,FALSE,FALSE,FALSE,FALSE,FALSE,-84.7327,44.6521,FALSE,FALSE,TRUE,FALSE,FALSE,FALSE,FALSE,FALSE,FALSE,FALSE,FALSE,TRUE,FALSE,FALSE,TRUE,FALSE,FALSE,FALSE
"Traverse City","41c47a8dcd27d21f7d8e090a7cc4f0e1","Rapid City","MI","49676","45-54","American Indian or Alaska Native","Female","Employed","Undergraduate","Networking Essentials (https://www.netacad.com/courses/networking)","Increase my skills, Get a new or better job, Case Manager recommended","Hands on- I can work at my own schedule","Personal Growth, Add to my resume, Get a new or better job, Help start my own business","Yes","Yes","Above Average (use Microsoft Office, including Excel & Powerpoint)","Yes","No","No, I don't need additional services","Cisco Certified Support Technician (CCST) Networking","CCNA: Introduction to Networks",NA,NA,NA,NA,NA,NA,NA,NA,NA,NA,NA,NA,NA,NA,NA,NA,0,0,NA,NA,NA,NA,NA,NA,NA,NA,NA,NA,NA,NA,TRUE,TRUE,FALSE,FALSE,FALSE,FALSE,FALSE,FALSE,-85.2799,44.831,FALSE,FALSE,FALSE,TRUE,FALSE,TRUE,FALSE,FALSE,FALSE,FALSE,TRUE,FALSE,FALSE,TRUE,TRUE,FALSE,TRUE,FALSE
"Wilson","8e9615bef1a860f87d0ea639cd62bce7","Lucama","NC","27851","25-34","Black or African American","Male","Employed","Undergraduate","Cybersecurity Essentials  (https://www.netacad.com/courses/cybersecurity), Networking Essentials (https://www.netacad.com/courses/networking)","Increase my skills, Get a new or better job","All of it, Hands on- I can work at my own schedule","Personal Growth, Add to my resume, Get a new or better job","Yes","Yes","Advanced (use Microsoft Office, including Excel & Powerpoint and set up new equipment, etc)","Yes","No","Referrals to job opportunities, Practice interviewing","Cisco Certified Support Technician (CCST) Networking","CCNA: Introduction to Networks",80,81,85,85,75,95,81,90,76,71,73,75,87,87,87,77,81.56,81.56,"Cisco Certified Support Technician (CCST) Cybersecurity","Introduction to Cybersecurity",NA,NA,NA,NA,NA,NA,NA,NA,0,0,TRUE,TRUE,TRUE,TRUE,FALSE,FALSE,FALSE,FALSE,-78.0042,35.6306,FALSE,TRUE,FALSE,FALSE,FALSE,FALSE,FALSE,TRUE,FALSE,FALSE,FALSE,TRUE,FALSE,TRUE,TRUE,FALSE,FALSE,FALSE
"Wilson","3b249eaf7b557f633b22b7bd4a9f1c40","Wilson","NC","27893","55+","White","Female","Employed","High School/GED","Networking Essentials (https://www.netacad.com/courses/networking)","Increase my skills","All of it, Hands on- I can work at my own schedule","Personal Growth, Add to my resume","Yes","Yes","Average (can do email, shop online, search for information, use Word)","Yes","No","Information about other training programs","Cisco Certified Support Technician (CCST) Networking","CCNA: Introduction to Networks",NA,NA,NA,NA,NA,NA,NA,NA,NA,NA,NA,NA,NA,NA,NA,NA,0,0,NA,NA,NA,NA,NA,NA,NA,NA,NA,NA,NA,NA,TRUE,TRUE,FALSE,FALSE,FALSE,FALSE,FALSE,FALSE,-77.966,35.7172,FALSE,FALSE,FALSE,FALSE,TRUE,FALSE,FALSE,FALSE,FALSE,FALSE,TRUE,FALSE,FALSE,TRUE,FALSE,FALSE,FALSE,FALSE
"Wilson","46413ba5407fe2d16696503352f9e99f","Kenly","NC","27542","25-34","White","Male","Employed","Graduate","Cybersecurity Essentials  (https://www.netacad.com/courses/cybersecurity)","Increase my skills","All of it, Hands on- I can work at my own schedule","Personal Growth, Add to my resume","Yes","Yes","Advanced (use Microsoft Office, including Excel & Powerpoint and set up new equipment, etc)","Yes","No","Information about other training programs",NA,NA,NA,NA,NA,NA,NA,NA,NA,NA,NA,NA,NA,NA,NA,NA,NA,NA,NA,NA,"Cisco Certified Support Technician (CCST) Cybersecurity","Introduction to Cybersecurity",NA,NA,NA,NA,NA,NA,NA,NA,0,0,TRUE,TRUE,FALSE,FALSE,FALSE,FALSE,FALSE,FALSE,-78.0848,35.6817,FALSE,TRUE,FALSE,FALSE,FALSE,FALSE,FALSE,FALSE,FALSE,FALSE,FALSE,TRUE,FALSE,TRUE,FALSE,FALSE,FALSE,FALSE
"Traverse City","e8470a89d19b321f02c973d6172ddd08","Traverse City","MI","49685","25-34","White","Female","Employed","Undergraduate","Cybersecurity Essentials  (https://www.netacad.com/courses/cybersecurity), Networking Essentials (https://www.netacad.com/courses/networking)","Increase my skills","All of it","Personal Growth, Add to my resume","Yes","Yes","Advanced (use Microsoft Office, including Excel & Powerpoint and set up new equipment, etc)","Yes","No","Referrals to job opportunities, Resume assistance, Information about other training programs","Cisco Certified Support Technician (CCST) Networking","CCNA: Introduction to Networks",NA,NA,NA,NA,NA,NA,NA,NA,NA,NA,NA,NA,NA,NA,NA,NA,0,0,"Cisco Certified Support Technician (CCST) Cybersecurity","Introduction to Cybersecurity",NA,NA,NA,NA,NA,NA,NA,NA,0,0,TRUE,TRUE,FALSE,FALSE,FALSE,FALSE,FALSE,FALSE,-85.636,44.7178,FALSE,TRUE,FALSE,FALSE,FALSE,FALSE,FALSE,FALSE,FALSE,FALSE,TRUE,FALSE,FALSE,TRUE,FALSE,FALSE,FALSE,FALSE
"Ada","b66fac7f68625b540c93d2cb1e6c7ded","Denison","TX","75020","25-34","White","Female","Employed","Undergraduate","Cybersecurity Essentials  (https://www.netacad.com/courses/cybersecurity), Networking Essentials (https://www.netacad.com/courses/networking)","Increase my skills, Case Manager recommended","All of it, Hands on- I can work at my own schedule","Personal Growth, Add to my resume","Yes","Yes","Advanced (use Microsoft Office, including Excel & Powerpoint and set up new equipment, etc)","Yes","No","Information about other training programs","Cisco Certified Support Technician (CCST) Networking","CCNA: Introduction to Networks",NA,NA,NA,NA,NA,NA,NA,NA,NA,NA,NA,NA,NA,NA,NA,83,5.19,5.19,"Cisco Certified Support Technician (CCST) Cybersecurity","Introduction to Cybersecurity",92,NA,NA,NA,NA,4,35,85,27,27,TRUE,TRUE,FALSE,FALSE,FALSE,FALSE,FALSE,FALSE,-96.5405,33.7637,FALSE,TRUE,FALSE,FALSE,FALSE,FALSE,FALSE,FALSE,FALSE,FALSE,TRUE,FALSE,FALSE,TRUE,FALSE,FALSE,TRUE,FALSE
"Wilson","6772807a5ce593cbd2e35cec631a8027","Wilson","NC","27896","25-34","White","Male","Employed","High School/GED","Networking Essentials (https://www.netacad.com/courses/networking)","Increase my skills, Get a new or better job","All of it","Add to my resume, Get a new or better job","Yes","Yes","Advanced (use Microsoft Office, including Excel & Powerpoint and set up new equipment, etc)","Yes","No","Referrals to job opportunities, Resume assistance, Job seeking skills training, Practice interviewing, Information about other training programs","Cisco Certified Support Technician (CCST) Networking","CCNA: Introduction to Networks",80,NA,NA,NA,NA,NA,NA,NA,NA,NA,NA,NA,NA,NA,NA,NA,5,5,NA,NA,NA,NA,NA,NA,NA,NA,NA,NA,NA,NA,TRUE,TRUE,FALSE,FALSE,FALSE,FALSE,FALSE,FALSE,-77.9726,35.7565,FALSE,TRUE,FALSE,FALSE,FALSE,FALSE,FALSE,FALSE,FALSE,FALSE,FALSE,TRUE,FALSE,TRUE,TRUE,FALSE,FALSE,FALSE
"Traverse City","32ce94cec514524cc1243fe4459defe0","Traverse City","MI","49685","18-24","White","Male","Employed","High School/GED","Networking Essentials (https://www.netacad.com/courses/networking)","Increase my skills, Get a new or better job, Start my own business","All of it, Hands on- I can work at my own schedule","Personal Growth, Get a new or better job, Help start my own business","Yes","Yes","Average (can do email, shop online, search for information, use Word)","Yes","No","Job seeking skills training, Information about other training programs","Cisco Certified Support Technician (CCST) Networking","CCNA: Introduction to Networks",NA,NA,NA,NA,NA,NA,NA,NA,NA,NA,NA,NA,NA,NA,NA,NA,0,0,NA,NA,NA,NA,NA,NA,NA,NA,NA,NA,NA,NA,TRUE,TRUE,FALSE,FALSE,FALSE,FALSE,FALSE,FALSE,-85.8086,44.7413,TRUE,FALSE,FALSE,FALSE,FALSE,FALSE,FALSE,FALSE,FALSE,FALSE,FALSE,TRUE,FALSE,TRUE,TRUE,TRUE,FALSE,FALSE
"Taos","4a51e21eb1216a67def60f852b0893a4",NA,"NM","87529","45-54","American Indian or Alaska Native","Male","Employed","High School/GED","Cybersecurity Essentials  (https://www.netacad.com/courses/cybersecurity), Networking Essentials (https://www.netacad.com/courses/networking)","Increase my skills, Get a new or better job","All of it, Hands on- I can work at my own schedule","Personal Growth, Add to my resume, Get a new or better job","Yes","Yes","Advanced (use Microsoft Office, including Excel & Powerpoint and set up new equipment, etc)","Yes","No","Information about other training programs","Cisco Certified Support Technician (CCST) Networking","CCNA: Introduction to Networks",NA,NA,NA,NA,NA,NA,NA,NA,NA,NA,NA,NA,NA,NA,NA,NA,0,0,NA,NA,NA,NA,NA,NA,NA,NA,NA,NA,NA,NA,TRUE,TRUE,FALSE,FALSE,FALSE,FALSE,FALSE,FALSE,-105.6228,36.4701,FALSE,FALSE,FALSE,TRUE,FALSE,TRUE,FALSE,FALSE,FALSE,FALSE,FALSE,TRUE,FALSE,TRUE,TRUE,FALSE,FALSE,FALSE
"Wilson","f1e5087b24cf38bda415615908dc20e5","Wilson","NC","27893","25-34","White","Female","Employed","Undergraduate","Cybersecurity Essentials  (https://www.netacad.com/courses/cybersecurity), Networking Essentials (https://www.netacad.com/courses/networking)","Increase my skills, Get a new or better job","All of it","Personal Growth, Add to my resume, Get a new or better job","Yes","Yes","Advanced (use Microsoft Office, including Excel & Powerpoint and set up new equipment, etc)","Yes","No","Information about other training programs",NA,NA,NA,NA,NA,NA,NA,NA,NA,NA,NA,NA,NA,NA,NA,NA,NA,NA,NA,NA,"Cisco Certified Support Technician (CCST) Cybersecurity","Introduction to Cybersecurity",NA,NA,NA,NA,NA,NA,NA,NA,0,0,TRUE,TRUE,FALSE,FALSE,FALSE,FALSE,FALSE,FALSE,-77.9106,35.746,FALSE,TRUE,FALSE,FALSE,FALSE,FALSE,FALSE,FALSE,FALSE,FALSE,TRUE,FALSE,FALSE,TRUE,TRUE,FALSE,FALSE,FALSE
"Traverse City","7ade7bcd11e9dcf225639113e2e6d261","Cedar","MI","49621","45-54","White","Female","Employed","Postgraduate","Cybersecurity Essentials  (https://www.netacad.com/courses/cybersecurity), Networking Essentials (https://www.netacad.com/courses/networking)","Increase my skills","All of it, Hands on- I can work at my own schedule","Personal Growth, Add to my resume, Get a new or better job","Yes","Yes","Advanced (use Microsoft Office, including Excel & Powerpoint and set up new equipment, etc)","Yes","No","No, I don't need additional services","Cisco Certified Support Technician (CCST) Networking","CCNA: Introduction to Networks",90,71,90,95,80,86,86,76,90,90,73,90,100,87,93,47,84,84,"Cisco Certified Support Technician (CCST) Cybersecurity","Introduction to Cybersecurity",NA,NA,NA,NA,NA,NA,NA,NA,0,0,TRUE,TRUE,TRUE,TRUE,FALSE,FALSE,FALSE,FALSE,-85.3529,43.9572,FALSE,FALSE,FALSE,TRUE,FALSE,FALSE,FALSE,FALSE,FALSE,FALSE,TRUE,FALSE,FALSE,TRUE,FALSE,FALSE,FALSE,FALSE
"Ada","d49b71fd5bbaa6a3e032f557e566a464","Ada","OK","74820","25-34","White","Male","Employed","Graduate","Cybersecurity Essentials  (https://www.netacad.com/courses/cybersecurity), Networking Essentials (https://www.netacad.com/courses/networking)","Increase my skills","All of it","Personal Growth","Yes","Yes","Advanced (use Microsoft Office, including Excel & Powerpoint and set up new equipment, etc)","Yes","No","No, I don't need additional services","Cisco Certified Support Technician (CCST) Networking","CCNA: Introduction to Networks",NA,NA,NA,NA,NA,NA,NA,NA,NA,NA,NA,NA,NA,NA,NA,NA,0,0,"Cisco Certified Support Technician (CCST) Cybersecurity","Introduction to Cybersecurity",NA,NA,NA,NA,NA,NA,NA,NA,0,0,TRUE,TRUE,FALSE,FALSE,FALSE,FALSE,FALSE,FALSE,-96.6457,34.7816,FALSE,TRUE,FALSE,FALSE,FALSE,FALSE,FALSE,FALSE,FALSE,FALSE,FALSE,TRUE,FALSE,TRUE,FALSE,FALSE,FALSE,FALSE
"The Berkshires","7b03f80a6b7e3d2f0b46f1e293094218","Pittsfield","MA","01201","35-44","Prefer not to say","Non-Binary","Employed","Undergraduate","Introduction to Cybersecurity (https://www.netacad.com/courses/cybersecurity), CCNA 7: Introduction to Networks (https://www.netacad.com/courses/networking)","Increase my skills, Get a new or better job, Start my own business, Case Manager recommended, I don't know","All of it, Hands on- I can work at my own schedule","Personal Growth, Add to my resume, Get a new or better job, Help start my own business","Yes","Yes","Advanced (use Microsoft Office, including Excel & Powerpoint and set up new equipment, etc)","Yes","No","Resume assistance, Practice interviewing, Information about other training programs","Cisco Certified Support Technician (CCST) Networking","CCNA: Introduction to Networks",NA,NA,NA,NA,NA,NA,NA,NA,NA,NA,NA,NA,NA,NA,NA,NA,0,0,"Cisco Certified Support Technician (CCST) Cybersecurity","Introduction to Cybersecurity",NA,NA,NA,NA,NA,NA,NA,NA,0,0,TRUE,TRUE,FALSE,FALSE,FALSE,FALSE,FALSE,FALSE,-73.2033,42.4351,FALSE,FALSE,TRUE,FALSE,FALSE,FALSE,FALSE,FALSE,TRUE,FALSE,FALSE,FALSE,TRUE,TRUE,TRUE,TRUE,TRUE,TRUE
"Wilkes County","60c1b5cb3846c9ab58af92ef936ca54c","Winston-Salem","NC","27107","18-24","Black or African American","Female","Student","Undergraduate","Cybersecurity Essentials  (https://www.netacad.com/courses/cybersecurity), Networking Essentials (https://www.netacad.com/courses/networking)","Increase my skills, Get a new or better job","All of it","Personal Growth, Add to my resume, Get a new or better job","Yes","Yes","Advanced (use Microsoft Office, including Excel & Powerpoint and set up new equipment, etc)","Yes","No","Referrals to job opportunities, Job seeking skills training, Practice interviewing, Information about other training programs","Cisco Certified Support Technician (CCST) Networking","CCNA: Introduction to Networks",100,NA,NA,NA,NA,NA,NA,NA,NA,NA,NA,NA,NA,NA,NA,NA,6.25,6.25,NA,NA,NA,NA,NA,NA,NA,NA,NA,NA,NA,NA,TRUE,TRUE,FALSE,FALSE,FALSE,FALSE,FALSE,FALSE,-80.2186,36.0171,TRUE,FALSE,FALSE,FALSE,FALSE,FALSE,FALSE,TRUE,FALSE,FALSE,TRUE,FALSE,FALSE,TRUE,TRUE,FALSE,FALSE,FALSE
"Traverse City","440c30649cc8b09e36ccd5fc9558576a","Manton","MI","49663","45-54","White","Female","Employed","Undergraduate","Cybersecurity Essentials  (https://www.netacad.com/courses/cybersecurity)","Increase my skills, Get a new or better job","All of it","Personal Growth, Add to my resume, Get a new or better job, Help start my own business","Yes","Yes","Advanced (use Microsoft Office, including Excel & Powerpoint and set up new equipment, etc)","Yes","No","No, I don't need additional services",NA,NA,NA,NA,NA,NA,NA,NA,NA,NA,NA,NA,NA,NA,NA,NA,NA,NA,NA,NA,"Cisco Certified Support Technician (CCST) Cybersecurity","Introduction to Cybersecurity",NA,NA,NA,NA,NA,NA,NA,NA,0,0,TRUE,TRUE,FALSE,FALSE,FALSE,FALSE,FALSE,FALSE,-85.3926,44.4108,FALSE,FALSE,FALSE,TRUE,FALSE,FALSE,FALSE,FALSE,FALSE,FALSE,TRUE,FALSE,FALSE,TRUE,TRUE,FALSE,FALSE,FALSE
"Traverse City","aeee1a804bf32b33c8afbfeb6d88c16e","Vanderbilt","MI","49795","35-44","White","Male","Unemployed","Postgraduate","Cybersecurity Essentials  (https://www.netacad.com/courses/cybersecurity), Networking Essentials (https://www.netacad.com/courses/networking)","Increase my skills, Get a new or better job, Start my own business","All of it","Personal Growth, Add to my resume, Get a new or better job, Help start my own business","Yes","Yes","Advanced (use Microsoft Office, including Excel & Powerpoint and set up new equipment, etc)","Yes","No","Referrals to job opportunities, Resume assistance, Job seeking skills training, Information about other training programs",NA,NA,NA,NA,NA,NA,NA,NA,NA,NA,NA,NA,NA,NA,NA,NA,NA,NA,NA,NA,"Cisco Certified Support Technician (CCST) Cybersecurity","Introduction to Cybersecurity",NA,NA,NA,NA,NA,NA,NA,NA,0,0,TRUE,TRUE,FALSE,FALSE,FALSE,FALSE,FALSE,FALSE,-84.6633,45.1426,FALSE,FALSE,TRUE,FALSE,FALSE,FALSE,FALSE,FALSE,FALSE,FALSE,FALSE,TRUE,FALSE,TRUE,TRUE,TRUE,FALSE,FALSE
"Traverse City","cf8a4cbae4138f5c38838773d9b48bba","Southfield","MI","48075","25-34","Black or African American","Female","Unemployed","High School/GED","Cybersecurity Essentials  (https://www.netacad.com/courses/cybersecurity), Networking Essentials (https://www.netacad.com/courses/networking)","Increase my skills, Get a new or better job","All of it, Hands on- I can work at my own schedule","Personal Growth, Get a new or better job","Yes","Yes","Above Average (use Microsoft Office, including Excel & Powerpoint)","Yes","No","Referrals to job opportunities, Resume assistance, Job seeking skills training, Information about other training programs","Cisco Certified Support Technician (CCST) Networking","CCNA: Introduction to Networks",NA,NA,NA,NA,NA,NA,NA,NA,NA,NA,NA,NA,NA,NA,NA,NA,0,0,"Cisco Certified Support Technician (CCST) Cybersecurity","Introduction to Cybersecurity",NA,NA,NA,NA,NA,NA,NA,NA,0,0,TRUE,TRUE,FALSE,FALSE,FALSE,FALSE,FALSE,FALSE,-83.2491,42.4532,FALSE,TRUE,FALSE,FALSE,FALSE,FALSE,FALSE,TRUE,FALSE,FALSE,TRUE,FALSE,FALSE,TRUE,TRUE,FALSE,FALSE,FALSE
"Traverse City","0a53aa556b3f19d5c15b7728be1b02f8","Cadillac","MI","49601","25-34","White","Male","Employed","Undergraduate","Cybersecurity Essentials  (https://www.netacad.com/courses/cybersecurity)","Increase my skills, Get a new or better job","All of it, Hands on- I can work at my own schedule","Get a new or better job","Yes","Yes","Advanced (use Microsoft Office, including Excel & Powerpoint and set up new equipment, etc)","Yes","No","Referrals to job opportunities, Resume assistance, Job seeking skills training, Practice interviewing, Information about other training programs",NA,NA,NA,NA,NA,NA,NA,NA,NA,NA,NA,NA,NA,NA,NA,NA,NA,NA,NA,NA,"Cisco Certified Support Technician (CCST) Cybersecurity","Introduction to Cybersecurity",NA,NA,NA,NA,NA,NA,NA,NA,0,0,TRUE,TRUE,FALSE,FALSE,FALSE,FALSE,FALSE,FALSE,-85.4191,44.2504,FALSE,TRUE,FALSE,FALSE,FALSE,FALSE,FALSE,FALSE,FALSE,FALSE,FALSE,TRUE,FALSE,TRUE,TRUE,FALSE,FALSE,FALSE
"Portsmouth","e68728ef418f28f74a2f82e7bd5a6bdb","Minford","OH","45654","55+","White","Male","Employed","Graduate","Cybersecurity Essentials  (https://www.netacad.com/courses/cybersecurity), Networking Essentials (https://www.netacad.com/courses/networking)","Increase my skills","Hands on- I can work at my own schedule","Personal Growth","Yes","Yes","Advanced (use Microsoft Office, including Excel & Powerpoint and set up new equipment, etc)","Yes","No","Information about other training programs","Cisco Certified Support Technician (CCST) Networking","CCNA: Introduction to Networks",95,90,100,100,95,100,76,71,76,90,80,95,100,80,80,88,88.5,88.5,"Cisco Certified Support Technician (CCST) Cybersecurity","Introduction to Cybersecurity",88,92,100,96,96,NA,NA,NA,59,59,TRUE,TRUE,TRUE,TRUE,FALSE,FALSE,FALSE,FALSE,-82.8637,38.8633,FALSE,FALSE,FALSE,FALSE,TRUE,FALSE,FALSE,FALSE,FALSE,FALSE,FALSE,TRUE,FALSE,TRUE,FALSE,FALSE,FALSE,FALSE
"Wilson","72c1bd0eb0f761b86cf993ada6df2fca","Wilson","NC","27893","35-44","White","Male","Unemployed","High School/GED","Cybersecurity Essentials  (https://www.netacad.com/courses/cybersecurity), Networking Essentials (https://www.netacad.com/courses/networking)","Increase my skills","Hands on- I can work at my own schedule","Personal Growth, Add to my resume, Help start my own business","Yes","Yes","Advanced (use Microsoft Office, including Excel & Powerpoint and set up new equipment, etc)","Yes","No","Information about other training programs","Cisco Certified Support Technician (CCST) Networking","CCNA: Introduction to Networks",NA,NA,NA,NA,NA,NA,NA,NA,NA,NA,NA,NA,NA,NA,NA,NA,0,0,"Cisco Certified Support Technician (CCST) Cybersecurity","Introduction to Cybersecurity",NA,NA,NA,NA,NA,NA,NA,NA,0,0,TRUE,TRUE,FALSE,FALSE,FALSE,FALSE,FALSE,FALSE,-77.9113,35.7243,FALSE,FALSE,TRUE,FALSE,FALSE,FALSE,FALSE,FALSE,FALSE,FALSE,FALSE,TRUE,FALSE,TRUE,FALSE,FALSE,FALSE,FALSE
